{"nodes":[{"constructors":[],"types":["INTERFACE","PUBLIC","VP","HOTSPOT"],"methods":[{"name":"customize","number":1}],"name":"tech.jhipster.config.apidoc.customizer.SpringfoxCustomizer","attributes":[{"name":"tech.jhipster.config.apidoc.customizer.JHipsterSpringfoxCustomizer","number":1}]},{"constructors":[{"name":"PrefixedKeyGenerator","number":1}],"publicConstructors":1,"types":["CLASS","PUBLIC","FACTORY","VP"],"constructorVPs":0,"methodVariants":0,"methods":[{"name":"generate","number":1},{"name":"generatePrefix","number":1},{"name":"getPrefix","number":1}],"methodVPs":0,"publicMethods":1,"constructorVariants":0,"name":"tech.jhipster.config.cache.PrefixedKeyGenerator","attributes":[],"allMethods":3},{"constructors":[],"types":["INTERFACE","PUBLIC","VP"],"methods":[],"name":"tech.jhipster.config.JHipsterDefaults","attributes":[]},{"constructors":[],"types":["INTERFACE","PRIVATE","VP"],"methods":[],"name":"tech.jhipster.config.JHipsterDefaults.Async","attributes":[]},{"constructors":[],"types":["INTERFACE","PRIVATE","VP"],"methods":[],"name":"tech.jhipster.config.JHipsterDefaults.Http","attributes":[]},{"constructors":[],"types":["INTERFACE","PRIVATE","VP"],"methods":[],"name":"tech.jhipster.config.JHipsterDefaults.Http.Cache","attributes":[]},{"constructors":[],"types":["INTERFACE","PRIVATE","VP"],"methods":[],"name":"tech.jhipster.config.JHipsterDefaults.Cache","attributes":[]},{"constructors":[],"types":["INTERFACE","PRIVATE","VP"],"methods":[],"name":"tech.jhipster.config.JHipsterDefaults.Cache.Hazelcast","attributes":[]},{"constructors":[],"types":["INTERFACE","PRIVATE","VP"],"methods":[],"name":"tech.jhipster.config.JHipsterDefaults.Cache.Hazelcast.ManagementCenter","attributes":[]},{"constructors":[],"types":["INTERFACE","PRIVATE","VP"],"methods":[],"name":"tech.jhipster.config.JHipsterDefaults.Cache.Caffeine","attributes":[]},{"constructors":[],"types":["INTERFACE","PRIVATE","VP"],"methods":[],"name":"tech.jhipster.config.JHipsterDefaults.Cache.Ehcache","attributes":[]},{"constructors":[],"types":["INTERFACE","PRIVATE","VP"],"methods":[],"name":"tech.jhipster.config.JHipsterDefaults.Cache.Infinispan","attributes":[]},{"constructors":[],"types":["INTERFACE","PRIVATE","VP"],"methods":[],"name":"tech.jhipster.config.JHipsterDefaults.Cache.Infinispan.Local","attributes":[]},{"constructors":[],"types":["INTERFACE","PRIVATE","VP"],"methods":[],"name":"tech.jhipster.config.JHipsterDefaults.Cache.Infinispan.Distributed","attributes":[]},{"constructors":[],"types":["INTERFACE","PRIVATE","VP"],"methods":[],"name":"tech.jhipster.config.JHipsterDefaults.Cache.Infinispan.Replicated","attributes":[]},{"constructors":[],"types":["INTERFACE","PRIVATE","VP"],"methods":[],"name":"tech.jhipster.config.JHipsterDefaults.Cache.Memcached","attributes":[]},{"constructors":[],"types":["INTERFACE","PRIVATE","VP"],"methods":[],"name":"tech.jhipster.config.JHipsterDefaults.Cache.Memcached.Authentication","attributes":[]},{"constructors":[],"types":["INTERFACE","PRIVATE","VP"],"methods":[],"name":"tech.jhipster.config.JHipsterDefaults.Cache.Redis","attributes":[]},{"constructors":[],"types":["INTERFACE","PRIVATE","VP"],"methods":[],"name":"tech.jhipster.config.JHipsterDefaults.Mail","attributes":[]},{"constructors":[],"types":["INTERFACE","PRIVATE","VP"],"methods":[],"name":"tech.jhipster.config.JHipsterDefaults.Security","attributes":[]},{"constructors":[],"types":["INTERFACE","PRIVATE","VP"],"methods":[],"name":"tech.jhipster.config.JHipsterDefaults.Security.ClientAuthorization","attributes":[]},{"constructors":[],"types":["INTERFACE","PRIVATE","VP"],"methods":[],"name":"tech.jhipster.config.JHipsterDefaults.Security.Authentication","attributes":[]},{"constructors":[],"types":["INTERFACE","PRIVATE","VP"],"methods":[],"name":"tech.jhipster.config.JHipsterDefaults.Security.Authentication.Jwt","attributes":[]},{"constructors":[],"types":["INTERFACE","PRIVATE","VP"],"methods":[],"name":"tech.jhipster.config.JHipsterDefaults.Security.RememberMe","attributes":[]},{"constructors":[],"types":["INTERFACE","PRIVATE","VP"],"methods":[],"name":"tech.jhipster.config.JHipsterDefaults.ApiDocs","attributes":[]},{"constructors":[],"types":["INTERFACE","PRIVATE","VP"],"methods":[],"name":"tech.jhipster.config.JHipsterDefaults.Logging","attributes":[]},{"constructors":[],"types":["INTERFACE","PRIVATE","VP"],"methods":[],"name":"tech.jhipster.config.JHipsterDefaults.Logging.Logstash","attributes":[]},{"constructors":[],"types":["INTERFACE","PRIVATE","VP"],"methods":[],"name":"tech.jhipster.config.JHipsterDefaults.Social","attributes":[]},{"constructors":[],"types":["INTERFACE","PRIVATE","VP"],"methods":[],"name":"tech.jhipster.config.JHipsterDefaults.Gateway","attributes":[]},{"constructors":[],"types":["INTERFACE","PRIVATE","VP"],"methods":[],"name":"tech.jhipster.config.JHipsterDefaults.Gateway.RateLimiting","attributes":[]},{"constructors":[],"types":["INTERFACE","PRIVATE","VP"],"methods":[],"name":"tech.jhipster.config.JHipsterDefaults.Ribbon","attributes":[]},{"constructors":[],"types":["INTERFACE","PRIVATE","VP"],"methods":[],"name":"tech.jhipster.config.JHipsterDefaults.Registry","attributes":[]},{"constructors":[],"types":["INTERFACE","PRIVATE","VP"],"methods":[],"name":"tech.jhipster.config.JHipsterDefaults.ClientApp","attributes":[]},{"constructors":[],"types":["INTERFACE","PRIVATE","VP"],"methods":[],"name":"tech.jhipster.config.JHipsterDefaults.AuditEvents","attributes":[]},{"constructors":[],"types":["INTERFACE","PUBLIC","VP"],"methods":[],"name":"tech.jhipster.config.JHipsterConstants","attributes":[]},{"types":["CLASS","PUBLIC","VP","METHOD_LEVEL_VP","VARIANT","COMPOSITION_STRATEGY","DENSE"],"constructorVPs":1,"methods":[{"name":"toString","number":1},{"name":"hashCode","number":1},{"name":"equals","number":1},{"name":"setLessThanOrEqual","number":1},{"name":"getLessThanOrEqual","number":1},{"name":"setGreaterThanOrEqual","number":1},{"name":"getGreaterThanOrEqual","number":1},{"name":"setLessThan","number":1},{"name":"getLessThan","number":1},{"name":"setGreaterThan","number":1},{"name":"getGreaterThan","number":1},{"name":"copy","number":1}],"allMethods":12,"constructors":[{"name":"RangeFilter","number":2}],"publicConstructors":2,"methodVariants":0,"methodVPs":0,"publicMethods":12,"constructorVariants":2,"name":"tech.jhipster.service.filter.RangeFilter","attributes":[{"name":"tech.jhipster.service.filter.RangeFilter","number":1},{"name":"tech.jhipster.service.filter.LocalDateFilter","number":1},{"name":"tech.jhipster.service.filter.IntegerFilter","number":1},{"name":"tech.jhipster.service.filter.DoubleFilter","number":1},{"name":"tech.jhipster.service.filter.FloatFilter","number":1},{"name":"tech.jhipster.service.filter.BigDecimalFilter","number":1},{"name":"tech.jhipster.service.filter.DurationFilter","number":1},{"name":"tech.jhipster.service.filter.ShortFilter","number":1},{"name":"tech.jhipster.service.filter.ZonedDateTimeFilter","number":1},{"name":"tech.jhipster.service.filter.InstantFilter","number":1},{"name":"tech.jhipster.service.filter.LongFilter","number":1}],"nbCompositions":1},{"types":["CLASS","PUBLIC","VP","METHOD_LEVEL_VP","COMPOSITION_STRATEGY"],"constructorVPs":1,"methods":[{"name":"getFilterName","number":1},{"name":"toString","number":1},{"name":"hashCode","number":1},{"name":"equals","number":1},{"name":"setNotIn","number":1},{"name":"getNotIn","number":1},{"name":"setIn","number":1},{"name":"getIn","number":1},{"name":"setSpecified","number":1},{"name":"getSpecified","number":1},{"name":"setNotEquals","number":1},{"name":"getNotEquals","number":1},{"name":"setEquals","number":1},{"name":"getEquals","number":1},{"name":"copy","number":1}],"allMethods":15,"constructors":[{"name":"Filter","number":2}],"publicConstructors":2,"methodVariants":0,"methodVPs":0,"publicMethods":14,"constructorVariants":2,"name":"tech.jhipster.service.filter.Filter","attributes":[{"name":"tech.jhipster.service.filter.Filter","number":1},{"name":"tech.jhipster.service.filter.StringFilter","number":1},{"name":"tech.jhipster.service.filter.RangeFilter","number":1},{"name":"tech.jhipster.service.filter.UUIDFilter","number":1},{"name":"tech.jhipster.service.filter.BooleanFilter","number":1}],"nbCompositions":1},{"types":["CLASS","PUBLIC","ABSTRACT","VP","METHOD_LEVEL_VP"],"constructorVPs":0,"methods":[{"name":"wrapLikeQuery","number":1},{"name":"lessThan","number":1},{"name":"lessThanOrEqualTo","number":1},{"name":"greaterThan","number":1},{"name":"greaterThanOrEqualTo","number":1},{"name":"valueNotIn","number":1},{"name":"valueIn","number":1},{"name":"byFieldEmptiness","number":1},{"name":"byFieldSpecified","number":1},{"name":"doesNotContainSpecification","number":1},{"name":"likeUpperSpecification","number":1},{"name":"notEqualsSpecification","number":1},{"name":"equalsSpecification","number":1},{"name":"buildReferringEntitySpecification","number":5},{"name":"buildSpecification","number":4},{"name":"buildRangeSpecification","number":1},{"name":"buildStringSpecification","number":1}],"allMethods":24,"constructors":[],"publicConstructors":0,"methodVariants":9,"methodVPs":2,"publicMethods":0,"constructorVariants":0,"name":"tech.jhipster.service.QueryService","attributes":[{"name":"tech.jhipster.service.filter.RangeFilter","number":1},{"name":"tech.jhipster.service.filter.StringFilter","number":1},{"name":"tech.jhipster.service.filter.Filter","number":1}],"nbCompositions":3},{"constructors":[],"types":["INTERFACE","PUBLIC","VP"],"methods":[{"name":"copy","number":1}],"name":"tech.jhipster.service.Criteria","attributes":[]},{"constructors":[],"types":["INTERFACE","PUBLIC","VP"],"methods":[{"name":"wrapOrNotFound","number":2}],"name":"tech.jhipster.web.util.ResponseUtil","attributes":[]},{"constructors":[],"types":["INTERFACE","PUBLIC","VP"],"methods":[{"name":"wrapOrNotFound","number":2}],"name":"tech.jhipster.web.util.reactive.ResponseUtil","attributes":[]},{"constructors":[],"types":["INTERFACE","PUBLIC","VP"],"methods":[{"name":"createPageFromList","number":1}],"name":"tech.jhipster.web.util.PageUtil","attributes":[]},{"constructors":[{"name":"JHipsterSpringfoxCustomizer","number":1}],"publicConstructors":1,"types":["CLASS","PUBLIC","VARIANT"],"constructorVPs":0,"methodVariants":0,"methods":[{"name":"getOrder","number":1},{"name":"setOrder","number":1},{"name":"customize","number":1}],"methodVPs":0,"publicMethods":3,"constructorVariants":0,"name":"tech.jhipster.config.apidoc.customizer.JHipsterSpringfoxCustomizer","attributes":[],"allMethods":3},{"types":["CLASS","PUBLIC","METHOD_LEVEL_VP","VARIANT","DENSE"],"constructorVPs":1,"methods":[{"name":"copy","number":1}],"allMethods":1,"constructors":[{"name":"LongFilter","number":2}],"publicConstructors":2,"methodVariants":0,"methodVPs":0,"publicMethods":1,"constructorVariants":2,"name":"tech.jhipster.service.filter.LongFilter","attributes":[{"name":"tech.jhipster.service.filter.LongFilter","number":1}],"nbCompositions":1},{"types":["CLASS","PUBLIC","METHOD_LEVEL_VP","VARIANT","DENSE"],"constructorVPs":1,"methods":[{"name":"setLessThanOrEqual","number":1},{"name":"setGreaterThanOrEqual","number":1},{"name":"setLessThan","number":1},{"name":"setGreaterThan","number":1},{"name":"setNotIn","number":1},{"name":"setIn","number":1},{"name":"setNotEquals","number":1},{"name":"setEquals","number":1},{"name":"copy","number":1}],"allMethods":9,"constructors":[{"name":"InstantFilter","number":2}],"publicConstructors":2,"methodVariants":0,"methodVPs":0,"publicMethods":9,"constructorVariants":2,"name":"tech.jhipster.service.filter.InstantFilter","attributes":[{"name":"tech.jhipster.service.filter.InstantFilter","number":1}],"nbCompositions":1},{"types":["CLASS","PUBLIC","METHOD_LEVEL_VP","VARIANT","DENSE"],"constructorVPs":1,"methods":[{"name":"setLessThanOrEqual","number":1},{"name":"setGreaterThanOrEqual","number":1},{"name":"setLessThan","number":1},{"name":"setGreaterThan","number":1},{"name":"setNotIn","number":1},{"name":"setIn","number":1},{"name":"setNotEquals","number":1},{"name":"setEquals","number":1},{"name":"copy","number":1}],"allMethods":9,"constructors":[{"name":"ZonedDateTimeFilter","number":2}],"publicConstructors":2,"methodVariants":0,"methodVPs":0,"publicMethods":9,"constructorVariants":2,"name":"tech.jhipster.service.filter.ZonedDateTimeFilter","attributes":[{"name":"tech.jhipster.service.filter.ZonedDateTimeFilter","number":1}],"nbCompositions":1},{"types":["CLASS","PUBLIC","METHOD_LEVEL_VP","VARIANT","DENSE"],"constructorVPs":1,"methods":[{"name":"copy","number":1}],"allMethods":1,"constructors":[{"name":"BooleanFilter","number":2}],"publicConstructors":2,"methodVariants":0,"methodVPs":0,"publicMethods":1,"constructorVariants":2,"name":"tech.jhipster.service.filter.BooleanFilter","attributes":[{"name":"tech.jhipster.service.filter.BooleanFilter","number":1}],"nbCompositions":1},{"types":["CLASS","PUBLIC","METHOD_LEVEL_VP","VARIANT","DENSE"],"constructorVPs":1,"methods":[{"name":"copy","number":1}],"allMethods":1,"constructors":[{"name":"ShortFilter","number":2}],"publicConstructors":2,"methodVariants":0,"methodVPs":0,"publicMethods":1,"constructorVariants":2,"name":"tech.jhipster.service.filter.ShortFilter","attributes":[{"name":"tech.jhipster.service.filter.ShortFilter","number":1}],"nbCompositions":1},{"types":["CLASS","PUBLIC","METHOD_LEVEL_VP","VARIANT","DENSE"],"constructorVPs":1,"methods":[{"name":"copy","number":1}],"allMethods":1,"constructors":[{"name":"UUIDFilter","number":2}],"publicConstructors":2,"methodVariants":0,"methodVPs":0,"publicMethods":1,"constructorVariants":2,"name":"tech.jhipster.service.filter.UUIDFilter","attributes":[{"name":"tech.jhipster.service.filter.UUIDFilter","number":1}],"nbCompositions":1},{"types":["CLASS","PUBLIC","METHOD_LEVEL_VP","VARIANT","DENSE"],"constructorVPs":1,"methods":[{"name":"copy","number":1}],"allMethods":1,"constructors":[{"name":"DurationFilter","number":2}],"publicConstructors":2,"methodVariants":0,"methodVPs":0,"publicMethods":1,"constructorVariants":2,"name":"tech.jhipster.service.filter.DurationFilter","attributes":[{"name":"tech.jhipster.service.filter.DurationFilter","number":1}],"nbCompositions":1},{"types":["CLASS","PUBLIC","METHOD_LEVEL_VP","VARIANT","DENSE"],"constructorVPs":1,"methods":[{"name":"copy","number":1}],"allMethods":1,"constructors":[{"name":"BigDecimalFilter","number":2}],"publicConstructors":2,"methodVariants":0,"methodVPs":0,"publicMethods":1,"constructorVariants":2,"name":"tech.jhipster.service.filter.BigDecimalFilter","attributes":[{"name":"tech.jhipster.service.filter.BigDecimalFilter","number":1}],"nbCompositions":1},{"types":["CLASS","PUBLIC","METHOD_LEVEL_VP","VARIANT","DENSE"],"constructorVPs":1,"methods":[{"name":"copy","number":1}],"allMethods":1,"constructors":[{"name":"FloatFilter","number":2}],"publicConstructors":2,"methodVariants":0,"methodVPs":0,"publicMethods":1,"constructorVariants":2,"name":"tech.jhipster.service.filter.FloatFilter","attributes":[{"name":"tech.jhipster.service.filter.FloatFilter","number":1}],"nbCompositions":1},{"types":["CLASS","PUBLIC","METHOD_LEVEL_VP","VARIANT","DENSE"],"constructorVPs":1,"methods":[{"name":"copy","number":1}],"allMethods":1,"constructors":[{"name":"DoubleFilter","number":2}],"publicConstructors":2,"methodVariants":0,"methodVPs":0,"publicMethods":1,"constructorVariants":2,"name":"tech.jhipster.service.filter.DoubleFilter","attributes":[{"name":"tech.jhipster.service.filter.DoubleFilter","number":1}],"nbCompositions":1},{"types":["CLASS","PUBLIC","METHOD_LEVEL_VP","VARIANT","DENSE"],"constructorVPs":1,"methods":[{"name":"copy","number":1}],"allMethods":1,"constructors":[{"name":"IntegerFilter","number":2}],"publicConstructors":2,"methodVariants":0,"methodVPs":0,"publicMethods":1,"constructorVariants":2,"name":"tech.jhipster.service.filter.IntegerFilter","attributes":[{"name":"tech.jhipster.service.filter.IntegerFilter","number":1}],"nbCompositions":1},{"types":["CLASS","PUBLIC","METHOD_LEVEL_VP","VARIANT","DENSE"],"constructorVPs":1,"methods":[{"name":"setLessThanOrEqual","number":1},{"name":"setGreaterThanOrEqual","number":1},{"name":"setLessThan","number":1},{"name":"setGreaterThan","number":1},{"name":"setNotIn","number":1},{"name":"setIn","number":1},{"name":"setNotEquals","number":1},{"name":"setEquals","number":1},{"name":"copy","number":1}],"allMethods":9,"constructors":[{"name":"LocalDateFilter","number":2}],"publicConstructors":2,"methodVariants":0,"methodVPs":0,"publicMethods":9,"constructorVariants":2,"name":"tech.jhipster.service.filter.LocalDateFilter","attributes":[{"name":"tech.jhipster.service.filter.LocalDateFilter","number":1}],"nbCompositions":1},{"types":["CLASS","PUBLIC","METHOD_LEVEL_VP","VARIANT","DENSE"],"constructorVPs":1,"methods":[{"name":"toString","number":1},{"name":"hashCode","number":1},{"name":"equals","number":1},{"name":"setDoesNotContain","number":1},{"name":"getDoesNotContain","number":1},{"name":"setContains","number":1},{"name":"getContains","number":1},{"name":"copy","number":1}],"allMethods":8,"constructors":[{"name":"StringFilter","number":2}],"publicConstructors":2,"methodVariants":0,"methodVPs":0,"publicMethods":8,"constructorVariants":2,"name":"tech.jhipster.service.filter.StringFilter","attributes":[{"name":"tech.jhipster.service.filter.StringFilter","number":1}],"nbCompositions":1},{"constructors":[],"publicConstructors":0,"types":["CLASS","PUBLIC","METHOD_LEVEL_VP"],"constructorVPs":0,"methodVariants":5,"methods":[{"name":"initH2Console","number":3},{"name":"createServer","number":2}],"methodVPs":2,"publicMethods":4,"constructorVariants":0,"name":"tech.jhipster.config.h2.H2ConfigurationHelper","attributes":[],"allMethods":5},{"constructors":[{"name":"ExceptionHandlingAsyncTaskExecutor","number":1}],"publicConstructors":1,"types":["CLASS","PUBLIC","METHOD_LEVEL_VP"],"constructorVPs":0,"methodVariants":4,"methods":[{"name":"afterPropertiesSet","number":1},{"name":"destroy","number":1},{"name":"submit","number":2},{"name":"handle","number":1},{"name":"createWrappedRunnable","number":1},{"name":"createCallable","number":1},{"name":"execute","number":2}],"methodVPs":2,"publicMethods":6,"constructorVariants":0,"name":"tech.jhipster.async.ExceptionHandlingAsyncTaskExecutor","attributes":[],"allMethods":9}],"links":[{"type":"IMPLEMENTS","source":"tech.jhipster.config.apidoc.customizer.SpringfoxCustomizer","target":"tech.jhipster.config.apidoc.customizer.JHipsterSpringfoxCustomizer"},{"type":"EXTENDS","source":"tech.jhipster.service.filter.RangeFilter","target":"tech.jhipster.service.filter.LocalDateFilter"},{"type":"EXTENDS","source":"tech.jhipster.service.filter.RangeFilter","target":"tech.jhipster.service.filter.IntegerFilter"},{"type":"EXTENDS","source":"tech.jhipster.service.filter.RangeFilter","target":"tech.jhipster.service.filter.DoubleFilter"},{"type":"EXTENDS","source":"tech.jhipster.service.filter.RangeFilter","target":"tech.jhipster.service.filter.FloatFilter"},{"type":"EXTENDS","source":"tech.jhipster.service.filter.RangeFilter","target":"tech.jhipster.service.filter.BigDecimalFilter"},{"type":"EXTENDS","source":"tech.jhipster.service.filter.RangeFilter","target":"tech.jhipster.service.filter.DurationFilter"},{"type":"EXTENDS","source":"tech.jhipster.service.filter.RangeFilter","target":"tech.jhipster.service.filter.ShortFilter"},{"type":"EXTENDS","source":"tech.jhipster.service.filter.RangeFilter","target":"tech.jhipster.service.filter.ZonedDateTimeFilter"},{"type":"EXTENDS","source":"tech.jhipster.service.filter.RangeFilter","target":"tech.jhipster.service.filter.InstantFilter"},{"type":"EXTENDS","source":"tech.jhipster.service.filter.RangeFilter","target":"tech.jhipster.service.filter.LongFilter"},{"type":"EXTENDS","source":"tech.jhipster.service.filter.Filter","target":"tech.jhipster.service.filter.StringFilter"},{"type":"EXTENDS","source":"tech.jhipster.service.filter.Filter","target":"tech.jhipster.service.filter.RangeFilter"},{"type":"EXTENDS","source":"tech.jhipster.service.filter.Filter","target":"tech.jhipster.service.filter.UUIDFilter"},{"type":"EXTENDS","source":"tech.jhipster.service.filter.Filter","target":"tech.jhipster.service.filter.BooleanFilter"}],"allnodes":[{"types":["CLASS","PUBLIC","METHOD_LEVEL_VP"],"constructorVPs":0,"methods":[{"name":"initH2Console","number":3},{"name":"createServer","number":2}],"interfaceAttributes":[],"allMethods":5,"constructors":[],"publicConstructors":0,"methodVariants":5,"methodVPs":2,"publicMethods":4,"constructorVariants":0,"name":"tech.jhipster.config.h2.H2ConfigurationHelper","attributes":[]},{"types":["CLASS","PUBLIC"],"constructorVPs":0,"methods":[],"interfaceAttributes":[],"allMethods":0,"constructors":[],"publicConstructors":0,"methodVariants":0,"methodVPs":0,"publicMethods":0,"constructorVariants":0,"name":"tech.jhipster.config.JHipsterConfiguration","attributes":[]},{"types":["CLASS","PUBLIC"],"constructorVPs":0,"methods":[{"name":"quote","number":1},{"name":"parseAngularCookieIfNecessary","number":1},{"name":"addCookie","number":1},{"name":"resolveLocaleContext","number":1},{"name":"resolveLocale","number":1}],"interfaceAttributes":[],"allMethods":5,"constructors":[],"publicConstructors":0,"methodVariants":0,"methodVPs":0,"publicMethods":3,"constructorVariants":0,"name":"tech.jhipster.config.locale.AngularCookieLocaleResolver","attributes":[]},{"types":["CLASS","PUBLIC"],"constructorVPs":0,"methods":[{"name":"getAuditEvents","number":1},{"name":"getClientApp","number":1},{"name":"getGateway","number":1},{"name":"getSocial","number":1},{"name":"getCors","number":1},{"name":"getLogging","number":1},{"name":"getApiDocs","number":1},{"name":"getSecurity","number":1},{"name":"getRegistry","number":1},{"name":"getMail","number":1},{"name":"getCache","number":1},{"name":"getDatabase","number":1},{"name":"getHttp","number":1},{"name":"getAsync","number":1}],"interfaceAttributes":[],"allMethods":14,"constructors":[],"publicConstructors":0,"methodVariants":0,"methodVPs":0,"publicMethods":14,"constructorVariants":0,"name":"tech.jhipster.config.JHipsterProperties","attributes":[{"name":"tech.jhipster.config.JHipsterProperties.AuditEvents","number":1},{"name":"tech.jhipster.config.JHipsterProperties.ClientApp","number":1},{"name":"tech.jhipster.config.JHipsterProperties.Registry","number":1},{"name":"tech.jhipster.config.JHipsterProperties.Gateway","number":1},{"name":"tech.jhipster.config.JHipsterProperties.Social","number":1},{"name":"tech.jhipster.config.JHipsterProperties.Logging","number":1},{"name":"tech.jhipster.config.JHipsterProperties.ApiDocs","number":1},{"name":"tech.jhipster.config.JHipsterProperties.Security","number":1},{"name":"tech.jhipster.config.JHipsterProperties.Mail","number":1},{"name":"tech.jhipster.config.JHipsterProperties.Cache","number":1},{"name":"tech.jhipster.config.JHipsterProperties.Database","number":1},{"name":"tech.jhipster.config.JHipsterProperties.Http","number":1},{"name":"tech.jhipster.config.JHipsterProperties.Async","number":1}],"nbCompositions":13},{"types":["CLASS","PUBLIC"],"constructorVPs":0,"methods":[{"name":"setQueueCapacity","number":1},{"name":"getQueueCapacity","number":1},{"name":"setMaxPoolSize","number":1},{"name":"getMaxPoolSize","number":1},{"name":"setCorePoolSize","number":1},{"name":"getCorePoolSize","number":1}],"interfaceAttributes":[],"allMethods":6,"constructors":[],"publicConstructors":0,"methodVariants":0,"methodVPs":0,"publicMethods":6,"constructorVariants":0,"name":"tech.jhipster.config.JHipsterProperties.Async","attributes":[]},{"types":["CLASS","PUBLIC"],"constructorVPs":0,"methods":[{"name":"getCache","number":1}],"interfaceAttributes":[],"allMethods":1,"constructors":[],"publicConstructors":0,"methodVariants":0,"methodVPs":0,"publicMethods":1,"constructorVariants":0,"name":"tech.jhipster.config.JHipsterProperties.Http","attributes":[{"name":"tech.jhipster.config.JHipsterProperties.Http.Cache","number":1}],"nbCompositions":1},{"types":["CLASS","PUBLIC"],"constructorVPs":0,"methods":[{"name":"setTimeToLiveInDays","number":1},{"name":"getTimeToLiveInDays","number":1}],"interfaceAttributes":[],"allMethods":2,"constructors":[],"publicConstructors":0,"methodVariants":0,"methodVPs":0,"publicMethods":2,"constructorVariants":0,"name":"tech.jhipster.config.JHipsterProperties.Http.Cache","attributes":[]},{"types":["CLASS","PUBLIC"],"constructorVPs":0,"methods":[{"name":"getCouchbase","number":1}],"interfaceAttributes":[],"allMethods":1,"constructors":[],"publicConstructors":0,"methodVariants":0,"methodVPs":0,"publicMethods":1,"constructorVariants":0,"name":"tech.jhipster.config.JHipsterProperties.Database","attributes":[{"name":"tech.jhipster.config.JHipsterProperties.Database.Couchbase","number":1}],"nbCompositions":1},{"types":["CLASS","PUBLIC"],"constructorVPs":0,"methods":[{"name":"setBucketName","number":1},{"name":"getBucketName","number":1}],"interfaceAttributes":[],"allMethods":2,"constructors":[],"publicConstructors":0,"methodVariants":0,"methodVPs":0,"publicMethods":2,"constructorVariants":0,"name":"tech.jhipster.config.JHipsterProperties.Database.Couchbase","attributes":[]},{"types":["CLASS","PUBLIC"],"constructorVPs":0,"methods":[{"name":"getRedis","number":1},{"name":"getMemcached","number":1},{"name":"getInfinispan","number":1},{"name":"getEhcache","number":1},{"name":"getCaffeine","number":1},{"name":"getHazelcast","number":1}],"interfaceAttributes":[],"allMethods":6,"constructors":[],"publicConstructors":0,"methodVariants":0,"methodVPs":0,"publicMethods":6,"constructorVariants":0,"name":"tech.jhipster.config.JHipsterProperties.Cache","attributes":[{"name":"tech.jhipster.config.JHipsterProperties.Cache.Redis","number":1},{"name":"tech.jhipster.config.JHipsterProperties.Cache.Memcached","number":1},{"name":"tech.jhipster.config.JHipsterProperties.Cache.Infinispan","number":1},{"name":"tech.jhipster.config.JHipsterProperties.Cache.Ehcache","number":1},{"name":"tech.jhipster.config.JHipsterProperties.Cache.Caffeine","number":1},{"name":"tech.jhipster.config.JHipsterProperties.Cache.Hazelcast","number":1}],"nbCompositions":6},{"types":["CLASS","PUBLIC"],"constructorVPs":0,"methods":[{"name":"setBackupCount","number":1},{"name":"getBackupCount","number":1},{"name":"setTimeToLiveSeconds","number":1},{"name":"getTimeToLiveSeconds","number":1}],"interfaceAttributes":[],"allMethods":4,"constructors":[],"publicConstructors":0,"methodVariants":0,"methodVPs":0,"publicMethods":4,"constructorVariants":0,"name":"tech.jhipster.config.JHipsterProperties.Cache.Hazelcast","attributes":[]},{"types":["CLASS","PUBLIC"],"constructorVPs":0,"methods":[{"name":"setMaxEntries","number":1},{"name":"getMaxEntries","number":1},{"name":"setTimeToLiveSeconds","number":1},{"name":"getTimeToLiveSeconds","number":1}],"interfaceAttributes":[],"allMethods":4,"constructors":[],"publicConstructors":0,"methodVariants":0,"methodVPs":0,"publicMethods":4,"constructorVariants":0,"name":"tech.jhipster.config.JHipsterProperties.Cache.Caffeine","attributes":[]},{"types":["CLASS","PUBLIC"],"constructorVPs":0,"methods":[{"name":"setMaxEntries","number":1},{"name":"getMaxEntries","number":1},{"name":"setTimeToLiveSeconds","number":1},{"name":"getTimeToLiveSeconds","number":1}],"interfaceAttributes":[],"allMethods":4,"constructors":[],"publicConstructors":0,"methodVariants":0,"methodVPs":0,"publicMethods":4,"constructorVariants":0,"name":"tech.jhipster.config.JHipsterProperties.Cache.Ehcache","attributes":[]},{"types":["CLASS","PUBLIC"],"constructorVPs":0,"methods":[{"name":"getReplicated","number":1},{"name":"getDistributed","number":1},{"name":"getLocal","number":1},{"name":"setStatsEnabled","number":1},{"name":"isStatsEnabled","number":1},{"name":"setConfigFile","number":1},{"name":"getConfigFile","number":1}],"interfaceAttributes":[],"allMethods":7,"constructors":[],"publicConstructors":0,"methodVariants":0,"methodVPs":0,"publicMethods":7,"constructorVariants":0,"name":"tech.jhipster.config.JHipsterProperties.Cache.Infinispan","attributes":[{"name":"tech.jhipster.config.JHipsterProperties.Cache.Infinispan.Replicated","number":1},{"name":"tech.jhipster.config.JHipsterProperties.Cache.Infinispan.Distributed","number":1},{"name":"tech.jhipster.config.JHipsterProperties.Cache.Infinispan.Local","number":1}],"nbCompositions":3},{"types":["CLASS","PUBLIC"],"constructorVPs":0,"methods":[{"name":"setMaxEntries","number":1},{"name":"getMaxEntries","number":1},{"name":"setTimeToLiveSeconds","number":1},{"name":"getTimeToLiveSeconds","number":1}],"interfaceAttributes":[],"allMethods":4,"constructors":[],"publicConstructors":0,"methodVariants":0,"methodVPs":0,"publicMethods":4,"constructorVariants":0,"name":"tech.jhipster.config.JHipsterProperties.Cache.Infinispan.Local","attributes":[]},{"types":["CLASS","PUBLIC"],"constructorVPs":0,"methods":[{"name":"setInstanceCount","number":1},{"name":"getInstanceCount","number":1},{"name":"setMaxEntries","number":1},{"name":"getMaxEntries","number":1},{"name":"setTimeToLiveSeconds","number":1},{"name":"getTimeToLiveSeconds","number":1}],"interfaceAttributes":[],"allMethods":6,"constructors":[],"publicConstructors":0,"methodVariants":0,"methodVPs":0,"publicMethods":6,"constructorVariants":0,"name":"tech.jhipster.config.JHipsterProperties.Cache.Infinispan.Distributed","attributes":[]},{"types":["CLASS","PUBLIC"],"constructorVPs":0,"methods":[{"name":"setMaxEntries","number":1},{"name":"getMaxEntries","number":1},{"name":"setTimeToLiveSeconds","number":1},{"name":"getTimeToLiveSeconds","number":1}],"interfaceAttributes":[],"allMethods":4,"constructors":[],"publicConstructors":0,"methodVariants":0,"methodVPs":0,"publicMethods":4,"constructorVariants":0,"name":"tech.jhipster.config.JHipsterProperties.Cache.Infinispan.Replicated","attributes":[]},{"types":["CLASS","PUBLIC"],"constructorVPs":0,"methods":[{"name":"getAuthentication","number":1},{"name":"setUseBinaryProtocol","number":1},{"name":"isUseBinaryProtocol","number":1},{"name":"setExpiration","number":1},{"name":"getExpiration","number":1},{"name":"setServers","number":1},{"name":"getServers","number":1},{"name":"setEnabled","number":1},{"name":"isEnabled","number":1}],"interfaceAttributes":[],"allMethods":9,"constructors":[],"publicConstructors":0,"methodVariants":0,"methodVPs":0,"publicMethods":9,"constructorVariants":0,"name":"tech.jhipster.config.JHipsterProperties.Cache.Memcached","attributes":[{"name":"tech.jhipster.config.JHipsterProperties.Cache.Memcached.Authentication","number":1}],"nbCompositions":1},{"types":["CLASS","PUBLIC"],"constructorVPs":0,"methods":[{"name":"setPassword","number":1},{"name":"getPassword","number":1},{"name":"setUsername","number":1},{"name":"getUsername","number":1},{"name":"setEnabled","number":1},{"name":"isEnabled","number":1}],"interfaceAttributes":[],"allMethods":6,"constructors":[],"publicConstructors":0,"methodVariants":0,"methodVPs":0,"publicMethods":6,"constructorVariants":0,"name":"tech.jhipster.config.JHipsterProperties.Cache.Memcached.Authentication","attributes":[]},{"types":["CLASS","PUBLIC"],"constructorVPs":0,"methods":[{"name":"setSubscriptionConnectionMinimumIdleSize","number":1},{"name":"getSubscriptionConnectionMinimumIdleSize","number":1},{"name":"setSubscriptionConnectionPoolSize","number":1},{"name":"getSubscriptionConnectionPoolSize","number":1},{"name":"setConnectionMinimumIdleSize","number":1},{"name":"getConnectionMinimumIdleSize","number":1},{"name":"setConnectionPoolSize","number":1},{"name":"getConnectionPoolSize","number":1},{"name":"setCluster","number":1},{"name":"isCluster","number":1},{"name":"setExpiration","number":1},{"name":"getExpiration","number":1},{"name":"setServer","number":1},{"name":"getServer","number":1}],"interfaceAttributes":[],"allMethods":14,"constructors":[],"publicConstructors":0,"methodVariants":0,"methodVPs":0,"publicMethods":14,"constructorVariants":0,"name":"tech.jhipster.config.JHipsterProperties.Cache.Redis","attributes":[]},{"types":["CLASS","PUBLIC"],"constructorVPs":0,"methods":[{"name":"setBaseUrl","number":1},{"name":"getBaseUrl","number":1},{"name":"setFrom","number":1},{"name":"getFrom","number":1},{"name":"setEnabled","number":1},{"name":"isEnabled","number":1}],"interfaceAttributes":[],"allMethods":6,"constructors":[],"publicConstructors":0,"methodVariants":0,"methodVPs":0,"publicMethods":6,"constructorVariants":0,"name":"tech.jhipster.config.JHipsterProperties.Mail","attributes":[]},{"types":["CLASS","PUBLIC"],"constructorVPs":0,"methods":[{"name":"setContentSecurityPolicy","number":1},{"name":"getContentSecurityPolicy","number":1},{"name":"getOauth2","number":1},{"name":"getRememberMe","number":1},{"name":"getAuthentication","number":1},{"name":"getClientAuthorization","number":1}],"interfaceAttributes":[],"allMethods":6,"constructors":[],"publicConstructors":0,"methodVariants":0,"methodVPs":0,"publicMethods":6,"constructorVariants":0,"name":"tech.jhipster.config.JHipsterProperties.Security","attributes":[{"name":"tech.jhipster.config.JHipsterProperties.Security.OAuth2","number":1},{"name":"tech.jhipster.config.JHipsterProperties.Security.RememberMe","number":1},{"name":"tech.jhipster.config.JHipsterProperties.Security.Authentication","number":1},{"name":"tech.jhipster.config.JHipsterProperties.Security.ClientAuthorization","number":1}],"nbCompositions":4},{"types":["CLASS","PUBLIC"],"constructorVPs":0,"methods":[{"name":"setClientSecret","number":1},{"name":"getClientSecret","number":1},{"name":"setClientId","number":1},{"name":"getClientId","number":1},{"name":"setTokenServiceId","number":1},{"name":"getTokenServiceId","number":1},{"name":"setAccessTokenUri","number":1},{"name":"getAccessTokenUri","number":1}],"interfaceAttributes":[],"allMethods":8,"constructors":[],"publicConstructors":0,"methodVariants":0,"methodVPs":0,"publicMethods":8,"constructorVariants":0,"name":"tech.jhipster.config.JHipsterProperties.Security.ClientAuthorization","attributes":[]},{"types":["CLASS","PUBLIC"],"constructorVPs":0,"methods":[{"name":"getJwt","number":1}],"interfaceAttributes":[],"allMethods":1,"constructors":[],"publicConstructors":0,"methodVariants":0,"methodVPs":0,"publicMethods":1,"constructorVariants":0,"name":"tech.jhipster.config.JHipsterProperties.Security.Authentication","attributes":[{"name":"tech.jhipster.config.JHipsterProperties.Security.Authentication.Jwt","number":1}],"nbCompositions":1},{"types":["CLASS","PUBLIC"],"constructorVPs":0,"methods":[{"name":"setTokenValidityInSecondsForRememberMe","number":1},{"name":"getTokenValidityInSecondsForRememberMe","number":1},{"name":"setTokenValidityInSeconds","number":1},{"name":"getTokenValidityInSeconds","number":1},{"name":"setBase64Secret","number":1},{"name":"getBase64Secret","number":1},{"name":"setSecret","number":1},{"name":"getSecret","number":1}],"interfaceAttributes":[],"allMethods":8,"constructors":[],"publicConstructors":0,"methodVariants":0,"methodVPs":0,"publicMethods":8,"constructorVariants":0,"name":"tech.jhipster.config.JHipsterProperties.Security.Authentication.Jwt","attributes":[]},{"types":["CLASS","PUBLIC"],"constructorVPs":0,"methods":[{"name":"setKey","number":1},{"name":"getKey","number":1}],"interfaceAttributes":[],"allMethods":2,"constructors":[],"publicConstructors":0,"methodVariants":0,"methodVPs":0,"publicMethods":2,"constructorVariants":0,"name":"tech.jhipster.config.JHipsterProperties.Security.RememberMe","attributes":[]},{"types":["CLASS","PUBLIC"],"constructorVPs":0,"methods":[{"name":"setAudience","number":1},{"name":"getAudience","number":1}],"interfaceAttributes":[],"allMethods":2,"constructors":[],"publicConstructors":0,"methodVariants":0,"methodVPs":0,"publicMethods":2,"constructorVariants":0,"name":"tech.jhipster.config.JHipsterProperties.Security.OAuth2","attributes":[]},{"types":["CLASS","PUBLIC"],"constructorVPs":0,"methods":[{"name":"setUseDefaultResponseMessages","number":1},{"name":"isUseDefaultResponseMessages","number":1},{"name":"setServers","number":1},{"name":"getServers","number":1},{"name":"setProtocols","number":1},{"name":"getProtocols","number":1},{"name":"setHost","number":1},{"name":"getHost","number":1},{"name":"setManagementIncludePattern","number":1},{"name":"getManagementIncludePattern","number":1},{"name":"setDefaultIncludePattern","number":1},{"name":"getDefaultIncludePattern","number":1},{"name":"setLicenseUrl","number":1},{"name":"getLicenseUrl","number":1},{"name":"setLicense","number":1},{"name":"getLicense","number":1},{"name":"setContactEmail","number":1},{"name":"getContactEmail","number":1},{"name":"setContactUrl","number":1},{"name":"getContactUrl","number":1},{"name":"setContactName","number":1},{"name":"getContactName","number":1},{"name":"setTermsOfServiceUrl","number":1},{"name":"getTermsOfServiceUrl","number":1},{"name":"setVersion","number":1},{"name":"getVersion","number":1},{"name":"setDescription","number":1},{"name":"getDescription","number":1},{"name":"setTitle","number":1},{"name":"getTitle","number":1}],"interfaceAttributes":[],"allMethods":30,"constructors":[],"publicConstructors":0,"methodVariants":0,"methodVPs":0,"publicMethods":30,"constructorVariants":0,"name":"tech.jhipster.config.JHipsterProperties.ApiDocs","attributes":[]},{"types":["CLASS","PUBLIC"],"constructorVPs":0,"methods":[{"name":"setDescription","number":1},{"name":"getDescription","number":1},{"name":"setUrl","number":1},{"name":"getUrl","number":1},{"name":"setName","number":1},{"name":"getName","number":1}],"interfaceAttributes":[],"allMethods":6,"constructors":[],"publicConstructors":0,"methodVariants":0,"methodVPs":0,"publicMethods":6,"constructorVariants":0,"name":"tech.jhipster.config.JHipsterProperties.ApiDocs.Server","attributes":[]},{"types":["CLASS","PUBLIC"],"constructorVPs":0,"methods":[{"name":"getLogstash","number":1},{"name":"setUseJsonFormat","number":1},{"name":"isUseJsonFormat","number":1}],"interfaceAttributes":[],"allMethods":3,"constructors":[],"publicConstructors":0,"methodVariants":0,"methodVPs":0,"publicMethods":3,"constructorVariants":0,"name":"tech.jhipster.config.JHipsterProperties.Logging","attributes":[{"name":"tech.jhipster.config.JHipsterProperties.Logging.Logstash","number":1}],"nbCompositions":1},{"types":["CLASS","PUBLIC"],"constructorVPs":0,"methods":[{"name":"setQueueSize","number":1},{"name":"getQueueSize","number":1},{"name":"setPort","number":1},{"name":"getPort","number":1},{"name":"setHost","number":1},{"name":"getHost","number":1},{"name":"setEnabled","number":1},{"name":"isEnabled","number":1}],"interfaceAttributes":[],"allMethods":8,"constructors":[],"publicConstructors":0,"methodVariants":0,"methodVPs":0,"publicMethods":8,"constructorVariants":0,"name":"tech.jhipster.config.JHipsterProperties.Logging.Logstash","attributes":[]},{"types":["CLASS","PUBLIC"],"constructorVPs":0,"methods":[{"name":"setRedirectAfterSignIn","number":1},{"name":"getRedirectAfterSignIn","number":1}],"interfaceAttributes":[],"allMethods":2,"constructors":[],"publicConstructors":0,"methodVariants":0,"methodVPs":0,"publicMethods":2,"constructorVariants":0,"name":"tech.jhipster.config.JHipsterProperties.Social","attributes":[]},{"types":["CLASS","PUBLIC"],"constructorVPs":0,"methods":[{"name":"setAuthorizedMicroservicesEndpoints","number":1},{"name":"getAuthorizedMicroservicesEndpoints","number":1},{"name":"getRateLimiting","number":1}],"interfaceAttributes":[],"allMethods":3,"constructors":[],"publicConstructors":0,"methodVariants":0,"methodVPs":0,"publicMethods":3,"constructorVariants":0,"name":"tech.jhipster.config.JHipsterProperties.Gateway","attributes":[{"name":"tech.jhipster.config.JHipsterProperties.Gateway.RateLimiting","number":1}],"nbCompositions":1},{"types":["CLASS","PUBLIC"],"constructorVPs":0,"methods":[{"name":"setDurationInSeconds","number":1},{"name":"getDurationInSeconds","number":1},{"name":"setLimit","number":1},{"name":"getLimit","number":1},{"name":"setEnabled","number":1},{"name":"isEnabled","number":1}],"interfaceAttributes":[],"allMethods":6,"constructors":[],"publicConstructors":0,"methodVariants":0,"methodVPs":0,"publicMethods":6,"constructorVariants":0,"name":"tech.jhipster.config.JHipsterProperties.Gateway.RateLimiting","attributes":[]},{"types":["CLASS","PUBLIC"],"constructorVPs":0,"methods":[{"name":"setPassword","number":1},{"name":"getPassword","number":1}],"interfaceAttributes":[],"allMethods":2,"constructors":[],"publicConstructors":0,"methodVariants":0,"methodVPs":0,"publicMethods":2,"constructorVariants":0,"name":"tech.jhipster.config.JHipsterProperties.Registry","attributes":[]},{"types":["CLASS","PUBLIC"],"constructorVPs":0,"methods":[{"name":"setName","number":1},{"name":"getName","number":1}],"interfaceAttributes":[],"allMethods":2,"constructors":[],"publicConstructors":0,"methodVariants":0,"methodVPs":0,"publicMethods":2,"constructorVariants":0,"name":"tech.jhipster.config.JHipsterProperties.ClientApp","attributes":[]},{"types":["CLASS","PUBLIC"],"constructorVPs":0,"methods":[{"name":"setRetentionPeriod","number":1},{"name":"getRetentionPeriod","number":1}],"interfaceAttributes":[],"allMethods":2,"constructors":[],"publicConstructors":0,"methodVariants":0,"methodVPs":0,"publicMethods":2,"constructorVariants":0,"name":"tech.jhipster.config.JHipsterProperties.AuditEvents","attributes":[]},{"types":["CLASS","PUBLIC"],"constructorVPs":0,"methods":[{"name":"initDb","number":1},{"name":"afterPropertiesSet","number":1}],"interfaceAttributes":[],"allMethods":2,"constructors":[{"name":"AsyncSpringLiquibase","number":1}],"publicConstructors":1,"methodVariants":0,"methodVPs":0,"publicMethods":1,"constructorVariants":0,"name":"tech.jhipster.config.liquibase.AsyncSpringLiquibase","attributes":[]},{"types":["CLASS","PUBLIC"],"constructorVPs":0,"methods":[{"name":"getProperty","number":1},{"name":"createNewDataSource","number":1},{"name":"getDataSource","number":1},{"name":"createAsyncSpringLiquibase","number":1},{"name":"createSpringLiquibase","number":1}],"interfaceAttributes":[],"allMethods":5,"constructors":[{"name":"SpringLiquibaseUtil","number":1}],"publicConstructors":0,"methodVariants":0,"methodVPs":0,"publicMethods":2,"constructorVariants":0,"name":"tech.jhipster.config.liquibase.SpringLiquibaseUtil","attributes":[{"name":"tech.jhipster.config.liquibase.AsyncSpringLiquibase","number":1}],"nbCompositions":1},{"types":["CLASS","PUBLIC"],"constructorVPs":0,"methods":[],"interfaceAttributes":[],"allMethods":0,"constructors":[],"publicConstructors":0,"methodVariants":0,"methodVPs":0,"publicMethods":0,"constructorVariants":0,"name":"tech.jhipster.config.apidoc.SpringfoxPluginsAutoConfiguration","attributes":[]},{"types":["CLASS","PUBLIC"],"constructorVPs":0,"methods":[{"name":"pageableParameterBuilderPlugin","number":1}],"interfaceAttributes":[],"allMethods":1,"constructors":[],"publicConstructors":0,"methodVariants":0,"methodVPs":0,"publicMethods":1,"constructorVariants":0,"name":"tech.jhipster.config.apidoc.SpringfoxPluginsAutoConfiguration.SpringPagePluginConfiguration","attributes":[{"name":"tech.jhipster.config.apidoc.PageableParameterBuilderPlugin","number":1}],"nbCompositions":1},{"types":["CLASS","PUBLIC"],"constructorVPs":0,"methods":[{"name":"createSortParameter","number":1},{"name":"createSizeParameter","number":1},{"name":"createPageParameter","number":1},{"name":"getSortName","number":1},{"name":"getSizeName","number":1},{"name":"getPageName","number":1},{"name":"apply","number":1},{"name":"supports","number":1}],"interfaceAttributes":[],"allMethods":8,"constructors":[{"name":"PageableParameterBuilderPlugin","number":1}],"publicConstructors":1,"methodVariants":0,"methodVPs":0,"publicMethods":2,"constructorVariants":0,"name":"tech.jhipster.config.apidoc.PageableParameterBuilderPlugin","attributes":[]},{"types":["CLASS","PUBLIC","VARIANT"],"constructorVPs":0,"methods":[{"name":"getOrder","number":1},{"name":"setOrder","number":1},{"name":"customize","number":1}],"interfaceAttributes":[],"allMethods":3,"constructors":[{"name":"JHipsterSpringfoxCustomizer","number":1}],"publicConstructors":1,"methodVariants":0,"methodVPs":0,"publicMethods":3,"constructorVariants":0,"name":"tech.jhipster.config.apidoc.customizer.JHipsterSpringfoxCustomizer","attributes":[]},{"types":["CLASS","PUBLIC"],"constructorVPs":0,"methods":[{"name":"createDocket","number":1},{"name":"openAPISpringfoxManagementDocket","number":1},{"name":"jHipsterSpringfoxCustomizer","number":1},{"name":"openAPISpringfoxApiDocket","number":1}],"interfaceAttributes":[],"allMethods":4,"constructors":[{"name":"SpringfoxAutoConfiguration","number":1}],"publicConstructors":1,"methodVariants":0,"methodVPs":0,"publicMethods":3,"constructorVariants":0,"name":"tech.jhipster.config.apidoc.SpringfoxAutoConfiguration","attributes":[{"name":"tech.jhipster.config.JHipsterProperties","number":1}],"nbCompositions":1},{"types":["CLASS","PUBLIC","FACTORY","VP"],"constructorVPs":0,"methods":[{"name":"generate","number":1},{"name":"generatePrefix","number":1},{"name":"getPrefix","number":1}],"interfaceAttributes":[],"allMethods":3,"constructors":[{"name":"PrefixedKeyGenerator","number":1}],"publicConstructors":1,"methodVariants":0,"methodVPs":0,"publicMethods":1,"constructorVariants":0,"name":"tech.jhipster.config.cache.PrefixedKeyGenerator","attributes":[]},{"types":["CLASS","PUBLIC"],"constructorVPs":0,"methods":[{"name":"toString","number":1},{"name":"hashCode","number":1},{"name":"equals","number":1}],"interfaceAttributes":[],"allMethods":3,"constructors":[{"name":"PrefixedSimpleKey","number":1}],"publicConstructors":1,"methodVariants":0,"methodVPs":0,"publicMethods":3,"constructorVariants":0,"name":"tech.jhipster.config.cache.PrefixedSimpleKey","attributes":[]},{"types":["CLASS","PUBLIC"],"constructorVPs":0,"methods":[{"name":"contribute","number":1}],"interfaceAttributes":[],"allMethods":1,"constructors":[{"name":"ActiveProfilesInfoContributor","number":1}],"publicConstructors":1,"methodVariants":0,"methodVPs":0,"publicMethods":1,"constructorVariants":0,"name":"tech.jhipster.config.info.ActiveProfilesInfoContributor","attributes":[]},{"types":["CLASS","PUBLIC"],"constructorVPs":0,"methods":[{"name":"activeProfilesInfoContributor","number":1}],"interfaceAttributes":[],"allMethods":1,"constructors":[],"publicConstructors":0,"methodVariants":0,"methodVPs":0,"publicMethods":1,"constructorVariants":0,"name":"tech.jhipster.config.info.JHipsterInfoContributorConfiguration","attributes":[{"name":"tech.jhipster.config.info.ActiveProfilesInfoContributor","number":1}],"nbCompositions":1},{"types":["CLASS","PUBLIC"],"constructorVPs":0,"methods":[{"name":"timestampJsonProvider","number":1},{"name":"throwableConverter","number":1},{"name":"stackTraceJsonProvider","number":1},{"name":"loggerNameJsonProvider","number":1},{"name":"customFieldsJsonProvider","number":1},{"name":"jsonProviders","number":1},{"name":"logstashEncoder","number":1},{"name":"compositeJsonEncoder","number":1},{"name":"addContextListener","number":1},{"name":"addLogstashTcpSocketAppender","number":1},{"name":"addJsonConsoleAppender","number":1}],"interfaceAttributes":[],"allMethods":11,"constructors":[{"name":"LoggingUtils","number":1}],"publicConstructors":0,"methodVariants":0,"methodVPs":0,"publicMethods":3,"constructorVariants":0,"name":"tech.jhipster.config.logging.LoggingUtils","attributes":[]},{"types":["CLASS","PUBLIC"],"constructorVPs":0,"methods":[{"name":"jHipsterMetricsEndpoint","number":1}],"interfaceAttributes":[],"allMethods":1,"constructors":[],"publicConstructors":0,"methodVariants":0,"methodVPs":0,"publicMethods":1,"constructorVariants":0,"name":"tech.jhipster.config.metric.JHipsterMetricsEndpointConfiguration","attributes":[{"name":"tech.jhipster.config.metric.JHipsterMetricsEndpoint","number":1}],"nbCompositions":1},{"types":["CLASS","PUBLIC"],"constructorVPs":0,"methods":[{"name":"httpRequestsMetrics","number":1},{"name":"jvmMemoryMetrics","number":1},{"name":"cacheMetrics","number":1},{"name":"serviceMetrics","number":1},{"name":"databaseMetrics","number":1},{"name":"garbageCollectorMetrics","number":1},{"name":"processMetrics","number":1},{"name":"allMetrics","number":1}],"interfaceAttributes":[],"allMethods":8,"constructors":[{"name":"JHipsterMetricsEndpoint","number":1}],"publicConstructors":1,"methodVariants":0,"methodVPs":0,"publicMethods":1,"constructorVariants":0,"name":"tech.jhipster.config.metric.JHipsterMetricsEndpoint","attributes":[]},{"types":["CLASS","PUBLIC"],"constructorVPs":0,"methods":[{"name":"addDefaultProfile","number":1}],"interfaceAttributes":[],"allMethods":1,"constructors":[{"name":"DefaultProfileUtil","number":1}],"publicConstructors":0,"methodVariants":0,"methodVPs":0,"publicMethods":1,"constructorVariants":0,"name":"tech.jhipster.config.DefaultProfileUtil","attributes":[]},{"types":["CLASS","PUBLIC"],"constructorVPs":0,"methods":[{"name":"purge","number":1},{"name":"size","number":1},{"name":"put","number":1},{"name":"get","number":1}],"interfaceAttributes":[],"allMethods":4,"constructors":[{"name":"PersistentTokenCache","number":1}],"publicConstructors":1,"methodVariants":0,"methodVPs":0,"publicMethods":4,"constructorVariants":0,"name":"tech.jhipster.security.PersistentTokenCache","attributes":[]},{"types":["CLASS","PUBLIC"],"constructorVPs":0,"methods":[{"name":"onAuthenticationFailure","number":1}],"interfaceAttributes":[],"allMethods":1,"constructors":[],"publicConstructors":0,"methodVariants":0,"methodVPs":0,"publicMethods":1,"constructorVariants":0,"name":"tech.jhipster.security.AjaxAuthenticationFailureHandler","attributes":[]},{"types":["CLASS","PUBLIC"],"constructorVPs":0,"methods":[{"name":"onAuthenticationSuccess","number":1}],"interfaceAttributes":[],"allMethods":1,"constructors":[],"publicConstructors":0,"methodVariants":0,"methodVPs":0,"publicMethods":1,"constructorVariants":0,"name":"tech.jhipster.security.AjaxAuthenticationSuccessHandler","attributes":[]},{"types":["CLASS","PUBLIC"],"constructorVPs":0,"methods":[{"name":"onLogoutSuccess","number":1}],"interfaceAttributes":[],"allMethods":1,"constructors":[],"publicConstructors":0,"methodVariants":0,"methodVPs":0,"publicMethods":1,"constructorVariants":0,"name":"tech.jhipster.security.AjaxLogoutSuccessHandler","attributes":[]},{"types":["CLASS","PUBLIC"],"constructorVPs":0,"methods":[{"name":"configuringUserCipherSuiteOrder","number":1}],"interfaceAttributes":[],"allMethods":1,"constructors":[{"name":"UndertowSSLConfiguration","number":1}],"publicConstructors":1,"methodVariants":0,"methodVPs":0,"publicMethods":0,"constructorVariants":0,"name":"tech.jhipster.security.ssl.UndertowSSLConfiguration","attributes":[]},{"types":["CLASS","PUBLIC"],"constructorVPs":0,"methods":[{"name":"generateResetKey","number":1},{"name":"generateActivationKey","number":1},{"name":"generatePassword","number":1},{"name":"generateRandomAlphanumericString","number":1}],"interfaceAttributes":[],"allMethods":4,"constructors":[{"name":"RandomUtil","number":1}],"publicConstructors":0,"methodVariants":0,"methodVPs":0,"publicMethods":4,"constructorVariants":0,"name":"tech.jhipster.security.RandomUtil","attributes":[]},{"types":["CLASS","PUBLIC","METHOD_LEVEL_VP","VARIANT","DENSE"],"constructorVPs":1,"methods":[{"name":"copy","number":1}],"interfaceAttributes":[],"allMethods":1,"constructors":[{"name":"LongFilter","number":2}],"publicConstructors":2,"methodVariants":0,"methodVPs":0,"publicMethods":1,"constructorVariants":2,"name":"tech.jhipster.service.filter.LongFilter","attributes":[{"name":"tech.jhipster.service.filter.LongFilter","number":1}],"nbCompositions":1},{"types":["CLASS","PUBLIC","METHOD_LEVEL_VP","VARIANT","DENSE"],"constructorVPs":1,"methods":[{"name":"setLessThanOrEqual","number":1},{"name":"setGreaterThanOrEqual","number":1},{"name":"setLessThan","number":1},{"name":"setGreaterThan","number":1},{"name":"setNotIn","number":1},{"name":"setIn","number":1},{"name":"setNotEquals","number":1},{"name":"setEquals","number":1},{"name":"copy","number":1}],"interfaceAttributes":[],"allMethods":9,"constructors":[{"name":"InstantFilter","number":2}],"publicConstructors":2,"methodVariants":0,"methodVPs":0,"publicMethods":9,"constructorVariants":2,"name":"tech.jhipster.service.filter.InstantFilter","attributes":[{"name":"tech.jhipster.service.filter.InstantFilter","number":1}],"nbCompositions":1},{"types":["CLASS","PUBLIC","METHOD_LEVEL_VP","VARIANT","DENSE"],"constructorVPs":1,"methods":[{"name":"setLessThanOrEqual","number":1},{"name":"setGreaterThanOrEqual","number":1},{"name":"setLessThan","number":1},{"name":"setGreaterThan","number":1},{"name":"setNotIn","number":1},{"name":"setIn","number":1},{"name":"setNotEquals","number":1},{"name":"setEquals","number":1},{"name":"copy","number":1}],"interfaceAttributes":[],"allMethods":9,"constructors":[{"name":"ZonedDateTimeFilter","number":2}],"publicConstructors":2,"methodVariants":0,"methodVPs":0,"publicMethods":9,"constructorVariants":2,"name":"tech.jhipster.service.filter.ZonedDateTimeFilter","attributes":[{"name":"tech.jhipster.service.filter.ZonedDateTimeFilter","number":1}],"nbCompositions":1},{"types":["CLASS","PUBLIC","METHOD_LEVEL_VP","VARIANT","DENSE"],"constructorVPs":1,"methods":[{"name":"copy","number":1}],"interfaceAttributes":[],"allMethods":1,"constructors":[{"name":"BooleanFilter","number":2}],"publicConstructors":2,"methodVariants":0,"methodVPs":0,"publicMethods":1,"constructorVariants":2,"name":"tech.jhipster.service.filter.BooleanFilter","attributes":[{"name":"tech.jhipster.service.filter.BooleanFilter","number":1}],"nbCompositions":1},{"types":["CLASS","PUBLIC","METHOD_LEVEL_VP","VARIANT","DENSE"],"constructorVPs":1,"methods":[{"name":"copy","number":1}],"interfaceAttributes":[],"allMethods":1,"constructors":[{"name":"ShortFilter","number":2}],"publicConstructors":2,"methodVariants":0,"methodVPs":0,"publicMethods":1,"constructorVariants":2,"name":"tech.jhipster.service.filter.ShortFilter","attributes":[{"name":"tech.jhipster.service.filter.ShortFilter","number":1}],"nbCompositions":1},{"types":["CLASS","PUBLIC","METHOD_LEVEL_VP","VARIANT","DENSE"],"constructorVPs":1,"methods":[{"name":"copy","number":1}],"interfaceAttributes":[],"allMethods":1,"constructors":[{"name":"UUIDFilter","number":2}],"publicConstructors":2,"methodVariants":0,"methodVPs":0,"publicMethods":1,"constructorVariants":2,"name":"tech.jhipster.service.filter.UUIDFilter","attributes":[{"name":"tech.jhipster.service.filter.UUIDFilter","number":1}],"nbCompositions":1},{"types":["CLASS","PUBLIC","METHOD_LEVEL_VP","VARIANT","DENSE"],"constructorVPs":1,"methods":[{"name":"copy","number":1}],"interfaceAttributes":[],"allMethods":1,"constructors":[{"name":"DurationFilter","number":2}],"publicConstructors":2,"methodVariants":0,"methodVPs":0,"publicMethods":1,"constructorVariants":2,"name":"tech.jhipster.service.filter.DurationFilter","attributes":[{"name":"tech.jhipster.service.filter.DurationFilter","number":1}],"nbCompositions":1},{"types":["CLASS","PUBLIC","METHOD_LEVEL_VP","VARIANT","DENSE"],"constructorVPs":1,"methods":[{"name":"copy","number":1}],"interfaceAttributes":[],"allMethods":1,"constructors":[{"name":"BigDecimalFilter","number":2}],"publicConstructors":2,"methodVariants":0,"methodVPs":0,"publicMethods":1,"constructorVariants":2,"name":"tech.jhipster.service.filter.BigDecimalFilter","attributes":[{"name":"tech.jhipster.service.filter.BigDecimalFilter","number":1}],"nbCompositions":1},{"types":["CLASS","PUBLIC","METHOD_LEVEL_VP","VARIANT","DENSE"],"constructorVPs":1,"methods":[{"name":"copy","number":1}],"interfaceAttributes":[],"allMethods":1,"constructors":[{"name":"FloatFilter","number":2}],"publicConstructors":2,"methodVariants":0,"methodVPs":0,"publicMethods":1,"constructorVariants":2,"name":"tech.jhipster.service.filter.FloatFilter","attributes":[{"name":"tech.jhipster.service.filter.FloatFilter","number":1}],"nbCompositions":1},{"types":["CLASS","PUBLIC","METHOD_LEVEL_VP","VARIANT","DENSE"],"constructorVPs":1,"methods":[{"name":"copy","number":1}],"interfaceAttributes":[],"allMethods":1,"constructors":[{"name":"DoubleFilter","number":2}],"publicConstructors":2,"methodVariants":0,"methodVPs":0,"publicMethods":1,"constructorVariants":2,"name":"tech.jhipster.service.filter.DoubleFilter","attributes":[{"name":"tech.jhipster.service.filter.DoubleFilter","number":1}],"nbCompositions":1},{"types":["CLASS","PUBLIC","METHOD_LEVEL_VP","VARIANT","DENSE"],"constructorVPs":1,"methods":[{"name":"copy","number":1}],"interfaceAttributes":[],"allMethods":1,"constructors":[{"name":"IntegerFilter","number":2}],"publicConstructors":2,"methodVariants":0,"methodVPs":0,"publicMethods":1,"constructorVariants":2,"name":"tech.jhipster.service.filter.IntegerFilter","attributes":[{"name":"tech.jhipster.service.filter.IntegerFilter","number":1}],"nbCompositions":1},{"types":["CLASS","PUBLIC","VP","METHOD_LEVEL_VP","VARIANT","COMPOSITION_STRATEGY","DENSE"],"constructorVPs":1,"methods":[{"name":"toString","number":1},{"name":"hashCode","number":1},{"name":"equals","number":1},{"name":"setLessThanOrEqual","number":1},{"name":"getLessThanOrEqual","number":1},{"name":"setGreaterThanOrEqual","number":1},{"name":"getGreaterThanOrEqual","number":1},{"name":"setLessThan","number":1},{"name":"getLessThan","number":1},{"name":"setGreaterThan","number":1},{"name":"getGreaterThan","number":1},{"name":"copy","number":1}],"interfaceAttributes":[],"allMethods":12,"constructors":[{"name":"RangeFilter","number":2}],"publicConstructors":2,"methodVariants":0,"methodVPs":0,"publicMethods":12,"constructorVariants":2,"name":"tech.jhipster.service.filter.RangeFilter","attributes":[{"name":"tech.jhipster.service.filter.RangeFilter","number":1},{"name":"tech.jhipster.service.filter.LocalDateFilter","number":1},{"name":"tech.jhipster.service.filter.IntegerFilter","number":1},{"name":"tech.jhipster.service.filter.DoubleFilter","number":1},{"name":"tech.jhipster.service.filter.FloatFilter","number":1},{"name":"tech.jhipster.service.filter.BigDecimalFilter","number":1},{"name":"tech.jhipster.service.filter.DurationFilter","number":1},{"name":"tech.jhipster.service.filter.ShortFilter","number":1},{"name":"tech.jhipster.service.filter.ZonedDateTimeFilter","number":1},{"name":"tech.jhipster.service.filter.InstantFilter","number":1},{"name":"tech.jhipster.service.filter.LongFilter","number":1}],"nbCompositions":1},{"types":["CLASS","PUBLIC","METHOD_LEVEL_VP","VARIANT","DENSE"],"constructorVPs":1,"methods":[{"name":"setLessThanOrEqual","number":1},{"name":"setGreaterThanOrEqual","number":1},{"name":"setLessThan","number":1},{"name":"setGreaterThan","number":1},{"name":"setNotIn","number":1},{"name":"setIn","number":1},{"name":"setNotEquals","number":1},{"name":"setEquals","number":1},{"name":"copy","number":1}],"interfaceAttributes":[],"allMethods":9,"constructors":[{"name":"LocalDateFilter","number":2}],"publicConstructors":2,"methodVariants":0,"methodVPs":0,"publicMethods":9,"constructorVariants":2,"name":"tech.jhipster.service.filter.LocalDateFilter","attributes":[{"name":"tech.jhipster.service.filter.LocalDateFilter","number":1}],"nbCompositions":1},{"types":["CLASS","PUBLIC","METHOD_LEVEL_VP","VARIANT","DENSE"],"constructorVPs":1,"methods":[{"name":"toString","number":1},{"name":"hashCode","number":1},{"name":"equals","number":1},{"name":"setDoesNotContain","number":1},{"name":"getDoesNotContain","number":1},{"name":"setContains","number":1},{"name":"getContains","number":1},{"name":"copy","number":1}],"interfaceAttributes":[],"allMethods":8,"constructors":[{"name":"StringFilter","number":2}],"publicConstructors":2,"methodVariants":0,"methodVPs":0,"publicMethods":8,"constructorVariants":2,"name":"tech.jhipster.service.filter.StringFilter","attributes":[{"name":"tech.jhipster.service.filter.StringFilter","number":1}],"nbCompositions":1},{"types":["CLASS","PUBLIC","VP","METHOD_LEVEL_VP","COMPOSITION_STRATEGY"],"constructorVPs":1,"methods":[{"name":"getFilterName","number":1},{"name":"toString","number":1},{"name":"hashCode","number":1},{"name":"equals","number":1},{"name":"setNotIn","number":1},{"name":"getNotIn","number":1},{"name":"setIn","number":1},{"name":"getIn","number":1},{"name":"setSpecified","number":1},{"name":"getSpecified","number":1},{"name":"setNotEquals","number":1},{"name":"getNotEquals","number":1},{"name":"setEquals","number":1},{"name":"getEquals","number":1},{"name":"copy","number":1}],"interfaceAttributes":[],"allMethods":15,"constructors":[{"name":"Filter","number":2}],"publicConstructors":2,"methodVariants":0,"methodVPs":0,"publicMethods":14,"constructorVariants":2,"name":"tech.jhipster.service.filter.Filter","attributes":[{"name":"tech.jhipster.service.filter.Filter","number":1},{"name":"tech.jhipster.service.filter.StringFilter","number":1},{"name":"tech.jhipster.service.filter.RangeFilter","number":1},{"name":"tech.jhipster.service.filter.UUIDFilter","number":1},{"name":"tech.jhipster.service.filter.BooleanFilter","number":1}],"nbCompositions":1},{"types":["CLASS","PUBLIC","ABSTRACT","VP","METHOD_LEVEL_VP"],"constructorVPs":0,"methods":[{"name":"wrapLikeQuery","number":1},{"name":"lessThan","number":1},{"name":"lessThanOrEqualTo","number":1},{"name":"greaterThan","number":1},{"name":"greaterThanOrEqualTo","number":1},{"name":"valueNotIn","number":1},{"name":"valueIn","number":1},{"name":"byFieldEmptiness","number":1},{"name":"byFieldSpecified","number":1},{"name":"doesNotContainSpecification","number":1},{"name":"likeUpperSpecification","number":1},{"name":"notEqualsSpecification","number":1},{"name":"equalsSpecification","number":1},{"name":"buildReferringEntitySpecification","number":5},{"name":"buildSpecification","number":4},{"name":"buildRangeSpecification","number":1},{"name":"buildStringSpecification","number":1}],"interfaceAttributes":[],"allMethods":24,"constructors":[],"publicConstructors":0,"methodVariants":9,"methodVPs":2,"publicMethods":0,"constructorVariants":0,"name":"tech.jhipster.service.QueryService","attributes":[{"name":"tech.jhipster.service.filter.RangeFilter","number":1},{"name":"tech.jhipster.service.filter.StringFilter","number":1},{"name":"tech.jhipster.service.filter.Filter","number":1}],"nbCompositions":3},{"types":["CLASS","PUBLIC"],"constructorVPs":0,"methods":[{"name":"preparePageUri","number":1},{"name":"prepareLink","number":1},{"name":"generatePaginationHttpHeaders","number":1}],"interfaceAttributes":[],"allMethods":3,"constructors":[{"name":"PaginationUtil","number":1}],"publicConstructors":0,"methodVariants":0,"methodVPs":0,"publicMethods":1,"constructorVariants":0,"name":"tech.jhipster.web.util.PaginationUtil","attributes":[]},{"types":["CLASS","PUBLIC"],"constructorVPs":0,"methods":[{"name":"createFailureAlert","number":1},{"name":"createEntityDeletionAlert","number":1},{"name":"createEntityUpdateAlert","number":1},{"name":"createEntityCreationAlert","number":1},{"name":"createAlert","number":1}],"interfaceAttributes":[],"allMethods":5,"constructors":[{"name":"HeaderUtil","number":1}],"publicConstructors":0,"methodVariants":0,"methodVPs":0,"publicMethods":5,"constructorVariants":0,"name":"tech.jhipster.web.util.HeaderUtil","attributes":[]},{"types":["CLASS","PUBLIC"],"constructorVPs":0,"methods":[{"name":"getRequestContext","number":1},{"name":"filter","number":1}],"interfaceAttributes":[],"allMethods":2,"constructors":[],"publicConstructors":0,"methodVariants":0,"methodVPs":0,"publicMethods":1,"constructorVariants":0,"name":"tech.jhipster.web.filter.reactive.CookieCsrfFilter","attributes":[]},{"types":["CLASS","PUBLIC"],"constructorVPs":0,"methods":[{"name":"filter","number":1}],"interfaceAttributes":[],"allMethods":1,"constructors":[{"name":"CachingHttpHeadersFilter","number":1}],"publicConstructors":1,"methodVariants":0,"methodVPs":0,"publicMethods":1,"constructorVariants":0,"name":"tech.jhipster.web.filter.reactive.CachingHttpHeadersFilter","attributes":[]},{"types":["CLASS","PUBLIC"],"constructorVPs":0,"methods":[{"name":"doFilter","number":1},{"name":"destroy","number":1},{"name":"init","number":1}],"interfaceAttributes":[],"allMethods":3,"constructors":[{"name":"CachingHttpHeadersFilter","number":1}],"publicConstructors":1,"methodVariants":0,"methodVPs":0,"publicMethods":3,"constructorVariants":0,"name":"tech.jhipster.web.filter.CachingHttpHeadersFilter","attributes":[{"name":"tech.jhipster.config.JHipsterProperties","number":1}],"nbCompositions":1},{"types":["CLASS","PUBLIC"],"constructorVPs":0,"methods":[],"interfaceAttributes":[],"allMethods":0,"constructors":[{"name":"FixedH2Dialect","number":1}],"publicConstructors":1,"methodVariants":0,"methodVPs":0,"publicMethods":0,"constructorVariants":0,"name":"tech.jhipster.domain.util.FixedH2Dialect","attributes":[]},{"types":["CLASS","PUBLIC"],"constructorVPs":0,"methods":[{"name":"remapSqlTypeDescriptor","number":1}],"interfaceAttributes":[],"allMethods":1,"constructors":[{"name":"FixedPostgreSQL82Dialect","number":1}],"publicConstructors":1,"methodVariants":0,"methodVPs":0,"publicMethods":1,"constructorVariants":0,"name":"tech.jhipster.domain.util.FixedPostgreSQL82Dialect","attributes":[]},{"types":["CLASS","PUBLIC"],"constructorVPs":0,"methods":[{"name":"remapSqlTypeDescriptor","number":1}],"interfaceAttributes":[],"allMethods":1,"constructors":[{"name":"FixedPostgreSQL95Dialect","number":1}],"publicConstructors":1,"methodVariants":0,"methodVPs":0,"publicMethods":1,"constructorVariants":0,"name":"tech.jhipster.domain.util.FixedPostgreSQL95Dialect","attributes":[]},{"types":["CLASS","PUBLIC"],"constructorVPs":0,"methods":[{"name":"remapSqlTypeDescriptor","number":1}],"interfaceAttributes":[],"allMethods":1,"constructors":[{"name":"FixedPostgreSQL10Dialect","number":1}],"publicConstructors":1,"methodVariants":0,"methodVPs":0,"publicMethods":1,"constructorVariants":0,"name":"tech.jhipster.domain.util.FixedPostgreSQL10Dialect","attributes":[]},{"types":["CLASS","PUBLIC"],"constructorVPs":0,"methods":[],"interfaceAttributes":[],"allMethods":0,"constructors":[{"name":"JSR310DateConverters","number":1}],"publicConstructors":0,"methodVariants":0,"methodVPs":0,"publicMethods":0,"constructorVariants":0,"name":"tech.jhipster.domain.util.JSR310DateConverters","attributes":[]},{"types":["CLASS","PUBLIC"],"constructorVPs":0,"methods":[{"name":"convert","number":1}],"interfaceAttributes":[],"allMethods":1,"constructors":[{"name":"LocalDateToDateConverter","number":1}],"publicConstructors":0,"methodVariants":0,"methodVPs":0,"publicMethods":1,"constructorVariants":0,"name":"tech.jhipster.domain.util.JSR310DateConverters.LocalDateToDateConverter","attributes":[{"name":"tech.jhipster.domain.util.JSR310DateConverters.LocalDateToDateConverter","number":1}],"nbCompositions":1},{"types":["CLASS","PUBLIC"],"constructorVPs":0,"methods":[{"name":"convert","number":1}],"interfaceAttributes":[],"allMethods":1,"constructors":[{"name":"DateToLocalDateConverter","number":1}],"publicConstructors":0,"methodVariants":0,"methodVPs":0,"publicMethods":1,"constructorVariants":0,"name":"tech.jhipster.domain.util.JSR310DateConverters.DateToLocalDateConverter","attributes":[{"name":"tech.jhipster.domain.util.JSR310DateConverters.DateToLocalDateConverter","number":1}],"nbCompositions":1},{"types":["CLASS","PUBLIC"],"constructorVPs":0,"methods":[{"name":"convert","number":1}],"interfaceAttributes":[],"allMethods":1,"constructors":[{"name":"ZonedDateTimeToDateConverter","number":1}],"publicConstructors":0,"methodVariants":0,"methodVPs":0,"publicMethods":1,"constructorVariants":0,"name":"tech.jhipster.domain.util.JSR310DateConverters.ZonedDateTimeToDateConverter","attributes":[{"name":"tech.jhipster.domain.util.JSR310DateConverters.ZonedDateTimeToDateConverter","number":1}],"nbCompositions":1},{"types":["CLASS","PUBLIC"],"constructorVPs":0,"methods":[{"name":"convert","number":1}],"interfaceAttributes":[],"allMethods":1,"constructors":[{"name":"DateToZonedDateTimeConverter","number":1}],"publicConstructors":0,"methodVariants":0,"methodVPs":0,"publicMethods":1,"constructorVariants":0,"name":"tech.jhipster.domain.util.JSR310DateConverters.DateToZonedDateTimeConverter","attributes":[{"name":"tech.jhipster.domain.util.JSR310DateConverters.DateToZonedDateTimeConverter","number":1}],"nbCompositions":1},{"types":["CLASS","PUBLIC"],"constructorVPs":0,"methods":[{"name":"convert","number":1}],"interfaceAttributes":[],"allMethods":1,"constructors":[{"name":"LocalDateTimeToDateConverter","number":1}],"publicConstructors":0,"methodVariants":0,"methodVPs":0,"publicMethods":1,"constructorVariants":0,"name":"tech.jhipster.domain.util.JSR310DateConverters.LocalDateTimeToDateConverter","attributes":[{"name":"tech.jhipster.domain.util.JSR310DateConverters.LocalDateTimeToDateConverter","number":1}],"nbCompositions":1},{"types":["CLASS","PUBLIC"],"constructorVPs":0,"methods":[{"name":"convert","number":1}],"interfaceAttributes":[],"allMethods":1,"constructors":[{"name":"DateToLocalDateTimeConverter","number":1}],"publicConstructors":0,"methodVariants":0,"methodVPs":0,"publicMethods":1,"constructorVariants":0,"name":"tech.jhipster.domain.util.JSR310DateConverters.DateToLocalDateTimeConverter","attributes":[{"name":"tech.jhipster.domain.util.JSR310DateConverters.DateToLocalDateTimeConverter","number":1}],"nbCompositions":1},{"types":["CLASS","PUBLIC"],"constructorVPs":0,"methods":[{"name":"convert","number":1}],"interfaceAttributes":[],"allMethods":1,"constructors":[{"name":"DurationToLongConverter","number":1}],"publicConstructors":0,"methodVariants":0,"methodVPs":0,"publicMethods":1,"constructorVariants":0,"name":"tech.jhipster.domain.util.JSR310DateConverters.DurationToLongConverter","attributes":[{"name":"tech.jhipster.domain.util.JSR310DateConverters.DurationToLongConverter","number":1}],"nbCompositions":1},{"types":["CLASS","PUBLIC"],"constructorVPs":0,"methods":[{"name":"convert","number":1}],"interfaceAttributes":[],"allMethods":1,"constructors":[{"name":"LongToDurationConverter","number":1}],"publicConstructors":0,"methodVariants":0,"methodVPs":0,"publicMethods":1,"constructorVariants":0,"name":"tech.jhipster.domain.util.JSR310DateConverters.LongToDurationConverter","attributes":[{"name":"tech.jhipster.domain.util.JSR310DateConverters.LongToDurationConverter","number":1}],"nbCompositions":1},{"types":["CLASS","PUBLIC","METHOD_LEVEL_VP"],"constructorVPs":0,"methods":[{"name":"afterPropertiesSet","number":1},{"name":"destroy","number":1},{"name":"submit","number":2},{"name":"handle","number":1},{"name":"createWrappedRunnable","number":1},{"name":"createCallable","number":1},{"name":"execute","number":2}],"interfaceAttributes":[],"allMethods":9,"constructors":[{"name":"ExceptionHandlingAsyncTaskExecutor","number":1}],"publicConstructors":1,"methodVariants":4,"methodVPs":2,"publicMethods":6,"constructorVariants":0,"name":"tech.jhipster.async.ExceptionHandlingAsyncTaskExecutor","attributes":[]},{"constructors":[],"types":["INTERFACE","PUBLIC","VP","HOTSPOT"],"methods":[{"name":"customize","number":1}],"name":"tech.jhipster.config.apidoc.customizer.SpringfoxCustomizer","attributes":[{"name":"tech.jhipster.config.apidoc.customizer.JHipsterSpringfoxCustomizer","number":1}],"interfaceAttributes":[]},{"constructors":[],"types":["INTERFACE","PUBLIC","VP"],"methods":[],"name":"tech.jhipster.config.JHipsterDefaults","attributes":[],"interfaceAttributes":[]},{"constructors":[],"types":["INTERFACE","PRIVATE","VP"],"methods":[],"name":"tech.jhipster.config.JHipsterDefaults.Async","attributes":[],"interfaceAttributes":[]},{"constructors":[],"types":["INTERFACE","PRIVATE","VP"],"methods":[],"name":"tech.jhipster.config.JHipsterDefaults.Http","attributes":[],"interfaceAttributes":[]},{"constructors":[],"types":["INTERFACE","PRIVATE","VP"],"methods":[],"name":"tech.jhipster.config.JHipsterDefaults.Http.Cache","attributes":[],"interfaceAttributes":[]},{"constructors":[],"types":["INTERFACE","PRIVATE","VP"],"methods":[],"name":"tech.jhipster.config.JHipsterDefaults.Cache","attributes":[],"interfaceAttributes":[]},{"constructors":[],"types":["INTERFACE","PRIVATE","VP"],"methods":[],"name":"tech.jhipster.config.JHipsterDefaults.Cache.Hazelcast","attributes":[],"interfaceAttributes":[]},{"constructors":[],"types":["INTERFACE","PRIVATE","VP"],"methods":[],"name":"tech.jhipster.config.JHipsterDefaults.Cache.Hazelcast.ManagementCenter","attributes":[],"interfaceAttributes":[]},{"constructors":[],"types":["INTERFACE","PRIVATE","VP"],"methods":[],"name":"tech.jhipster.config.JHipsterDefaults.Cache.Caffeine","attributes":[],"interfaceAttributes":[]},{"constructors":[],"types":["INTERFACE","PRIVATE","VP"],"methods":[],"name":"tech.jhipster.config.JHipsterDefaults.Cache.Ehcache","attributes":[],"interfaceAttributes":[]},{"constructors":[],"types":["INTERFACE","PRIVATE","VP"],"methods":[],"name":"tech.jhipster.config.JHipsterDefaults.Cache.Infinispan","attributes":[],"interfaceAttributes":[]},{"constructors":[],"types":["INTERFACE","PRIVATE","VP"],"methods":[],"name":"tech.jhipster.config.JHipsterDefaults.Cache.Infinispan.Local","attributes":[],"interfaceAttributes":[]},{"constructors":[],"types":["INTERFACE","PRIVATE","VP"],"methods":[],"name":"tech.jhipster.config.JHipsterDefaults.Cache.Infinispan.Distributed","attributes":[],"interfaceAttributes":[]},{"constructors":[],"types":["INTERFACE","PRIVATE","VP"],"methods":[],"name":"tech.jhipster.config.JHipsterDefaults.Cache.Infinispan.Replicated","attributes":[],"interfaceAttributes":[]},{"constructors":[],"types":["INTERFACE","PRIVATE","VP"],"methods":[],"name":"tech.jhipster.config.JHipsterDefaults.Cache.Memcached","attributes":[],"interfaceAttributes":[]},{"constructors":[],"types":["INTERFACE","PRIVATE","VP"],"methods":[],"name":"tech.jhipster.config.JHipsterDefaults.Cache.Memcached.Authentication","attributes":[],"interfaceAttributes":[]},{"constructors":[],"types":["INTERFACE","PRIVATE","VP"],"methods":[],"name":"tech.jhipster.config.JHipsterDefaults.Cache.Redis","attributes":[],"interfaceAttributes":[]},{"constructors":[],"types":["INTERFACE","PRIVATE","VP"],"methods":[],"name":"tech.jhipster.config.JHipsterDefaults.Mail","attributes":[],"interfaceAttributes":[]},{"constructors":[],"types":["INTERFACE","PRIVATE","VP"],"methods":[],"name":"tech.jhipster.config.JHipsterDefaults.Security","attributes":[],"interfaceAttributes":[]},{"constructors":[],"types":["INTERFACE","PRIVATE","VP"],"methods":[],"name":"tech.jhipster.config.JHipsterDefaults.Security.ClientAuthorization","attributes":[],"interfaceAttributes":[]},{"constructors":[],"types":["INTERFACE","PRIVATE","VP"],"methods":[],"name":"tech.jhipster.config.JHipsterDefaults.Security.Authentication","attributes":[],"interfaceAttributes":[]},{"constructors":[],"types":["INTERFACE","PRIVATE","VP"],"methods":[],"name":"tech.jhipster.config.JHipsterDefaults.Security.Authentication.Jwt","attributes":[],"interfaceAttributes":[]},{"constructors":[],"types":["INTERFACE","PRIVATE","VP"],"methods":[],"name":"tech.jhipster.config.JHipsterDefaults.Security.RememberMe","attributes":[],"interfaceAttributes":[]},{"constructors":[],"types":["INTERFACE","PRIVATE","VP"],"methods":[],"name":"tech.jhipster.config.JHipsterDefaults.ApiDocs","attributes":[],"interfaceAttributes":[]},{"constructors":[],"types":["INTERFACE","PRIVATE","VP"],"methods":[],"name":"tech.jhipster.config.JHipsterDefaults.Logging","attributes":[],"interfaceAttributes":[]},{"constructors":[],"types":["INTERFACE","PRIVATE","VP"],"methods":[],"name":"tech.jhipster.config.JHipsterDefaults.Logging.Logstash","attributes":[],"interfaceAttributes":[]},{"constructors":[],"types":["INTERFACE","PRIVATE","VP"],"methods":[],"name":"tech.jhipster.config.JHipsterDefaults.Social","attributes":[],"interfaceAttributes":[]},{"constructors":[],"types":["INTERFACE","PRIVATE","VP"],"methods":[],"name":"tech.jhipster.config.JHipsterDefaults.Gateway","attributes":[],"interfaceAttributes":[]},{"constructors":[],"types":["INTERFACE","PRIVATE","VP"],"methods":[],"name":"tech.jhipster.config.JHipsterDefaults.Gateway.RateLimiting","attributes":[],"interfaceAttributes":[]},{"constructors":[],"types":["INTERFACE","PRIVATE","VP"],"methods":[],"name":"tech.jhipster.config.JHipsterDefaults.Ribbon","attributes":[],"interfaceAttributes":[]},{"constructors":[],"types":["INTERFACE","PRIVATE","VP"],"methods":[],"name":"tech.jhipster.config.JHipsterDefaults.Registry","attributes":[],"interfaceAttributes":[]},{"constructors":[],"types":["INTERFACE","PRIVATE","VP"],"methods":[],"name":"tech.jhipster.config.JHipsterDefaults.ClientApp","attributes":[],"interfaceAttributes":[]},{"constructors":[],"types":["INTERFACE","PRIVATE","VP"],"methods":[],"name":"tech.jhipster.config.JHipsterDefaults.AuditEvents","attributes":[],"interfaceAttributes":[]},{"constructors":[],"types":["INTERFACE","PUBLIC","VP"],"methods":[],"name":"tech.jhipster.config.JHipsterConstants","attributes":[],"interfaceAttributes":[]},{"constructors":[],"types":["INTERFACE","PUBLIC","VP"],"methods":[{"name":"copy","number":1}],"name":"tech.jhipster.service.Criteria","attributes":[],"interfaceAttributes":[]},{"constructors":[],"types":["INTERFACE","PUBLIC","VP"],"methods":[{"name":"wrapOrNotFound","number":2}],"name":"tech.jhipster.web.util.ResponseUtil","attributes":[],"interfaceAttributes":[]},{"constructors":[],"types":["INTERFACE","PUBLIC","VP"],"methods":[{"name":"wrapOrNotFound","number":2}],"name":"tech.jhipster.web.util.reactive.ResponseUtil","attributes":[],"interfaceAttributes":[]},{"constructors":[],"types":["INTERFACE","PUBLIC","VP"],"methods":[{"name":"createPageFromList","number":1}],"name":"tech.jhipster.web.util.PageUtil","attributes":[],"interfaceAttributes":[]}],"linkscompose":[{"type":"INSTANTIATE","source":"tech.jhipster.config.JHipsterProperties","target":"tech.jhipster.config.JHipsterProperties.AuditEvents"},{"type":"INSTANTIATE","source":"tech.jhipster.config.JHipsterProperties","target":"tech.jhipster.config.JHipsterProperties.ClientApp"},{"type":"INSTANTIATE","source":"tech.jhipster.config.JHipsterProperties","target":"tech.jhipster.config.JHipsterProperties.Registry"},{"type":"INSTANTIATE","source":"tech.jhipster.config.JHipsterProperties","target":"tech.jhipster.config.JHipsterProperties.Gateway"},{"type":"INSTANTIATE","source":"tech.jhipster.config.JHipsterProperties","target":"tech.jhipster.config.JHipsterProperties.Social"},{"type":"INSTANTIATE","source":"tech.jhipster.config.JHipsterProperties","target":"tech.jhipster.config.JHipsterProperties.Logging"},{"type":"INSTANTIATE","source":"tech.jhipster.config.JHipsterProperties","target":"tech.jhipster.config.JHipsterProperties.ApiDocs"},{"type":"INSTANTIATE","source":"tech.jhipster.config.JHipsterProperties","target":"tech.jhipster.config.JHipsterProperties.Security"},{"type":"INSTANTIATE","source":"tech.jhipster.config.JHipsterProperties","target":"tech.jhipster.config.JHipsterProperties.Mail"},{"type":"INSTANTIATE","source":"tech.jhipster.config.JHipsterProperties","target":"tech.jhipster.config.JHipsterProperties.Cache"},{"type":"INSTANTIATE","source":"tech.jhipster.config.JHipsterProperties","target":"tech.jhipster.config.JHipsterProperties.Database"},{"type":"INSTANTIATE","source":"tech.jhipster.config.JHipsterProperties","target":"tech.jhipster.config.JHipsterProperties.Http"},{"type":"INSTANTIATE","source":"tech.jhipster.config.JHipsterProperties","target":"tech.jhipster.config.JHipsterProperties.Async"},{"type":"INSTANTIATE","source":"tech.jhipster.config.JHipsterProperties.Http","target":"tech.jhipster.config.JHipsterProperties.Http.Cache"},{"type":"INSTANTIATE","source":"tech.jhipster.config.JHipsterProperties.Database","target":"tech.jhipster.config.JHipsterProperties.Database.Couchbase"},{"type":"INSTANTIATE","source":"tech.jhipster.config.JHipsterProperties.Cache","target":"tech.jhipster.config.JHipsterProperties.Cache.Redis"},{"type":"INSTANTIATE","source":"tech.jhipster.config.JHipsterProperties.Cache","target":"tech.jhipster.config.JHipsterProperties.Cache.Memcached"},{"type":"INSTANTIATE","source":"tech.jhipster.config.JHipsterProperties.Cache","target":"tech.jhipster.config.JHipsterProperties.Cache.Infinispan"},{"type":"INSTANTIATE","source":"tech.jhipster.config.JHipsterProperties.Cache","target":"tech.jhipster.config.JHipsterProperties.Cache.Ehcache"},{"type":"INSTANTIATE","source":"tech.jhipster.config.JHipsterProperties.Cache","target":"tech.jhipster.config.JHipsterProperties.Cache.Caffeine"},{"type":"INSTANTIATE","source":"tech.jhipster.config.JHipsterProperties.Cache","target":"tech.jhipster.config.JHipsterProperties.Cache.Hazelcast"},{"type":"INSTANTIATE","source":"tech.jhipster.config.JHipsterProperties.Cache.Infinispan","target":"tech.jhipster.config.JHipsterProperties.Cache.Infinispan.Replicated"},{"type":"INSTANTIATE","source":"tech.jhipster.config.JHipsterProperties.Cache.Infinispan","target":"tech.jhipster.config.JHipsterProperties.Cache.Infinispan.Distributed"},{"type":"INSTANTIATE","source":"tech.jhipster.config.JHipsterProperties.Cache.Infinispan","target":"tech.jhipster.config.JHipsterProperties.Cache.Infinispan.Local"},{"type":"INSTANTIATE","source":"tech.jhipster.config.JHipsterProperties.Cache.Memcached","target":"tech.jhipster.config.JHipsterProperties.Cache.Memcached.Authentication"},{"type":"INSTANTIATE","source":"tech.jhipster.config.JHipsterProperties.Security","target":"tech.jhipster.config.JHipsterProperties.Security.OAuth2"},{"type":"INSTANTIATE","source":"tech.jhipster.config.JHipsterProperties.Security","target":"tech.jhipster.config.JHipsterProperties.Security.RememberMe"},{"type":"INSTANTIATE","source":"tech.jhipster.config.JHipsterProperties.Security","target":"tech.jhipster.config.JHipsterProperties.Security.Authentication"},{"type":"INSTANTIATE","source":"tech.jhipster.config.JHipsterProperties.Security","target":"tech.jhipster.config.JHipsterProperties.Security.ClientAuthorization"},{"type":"INSTANTIATE","source":"tech.jhipster.config.JHipsterProperties.Security.Authentication","target":"tech.jhipster.config.JHipsterProperties.Security.Authentication.Jwt"},{"type":"INSTANTIATE","source":"tech.jhipster.config.JHipsterProperties.Logging","target":"tech.jhipster.config.JHipsterProperties.Logging.Logstash"},{"type":"INSTANTIATE","source":"tech.jhipster.config.JHipsterProperties.Gateway","target":"tech.jhipster.config.JHipsterProperties.Gateway.RateLimiting"},{"type":"INSTANTIATE","source":"tech.jhipster.config.liquibase.SpringLiquibaseUtil","target":"tech.jhipster.config.liquibase.AsyncSpringLiquibase"},{"type":"INSTANTIATE","source":"tech.jhipster.config.apidoc.SpringfoxPluginsAutoConfiguration.SpringPagePluginConfiguration","target":"tech.jhipster.config.apidoc.PageableParameterBuilderPlugin"},{"type":"INSTANTIATE","source":"tech.jhipster.config.apidoc.SpringfoxAutoConfiguration","target":"tech.jhipster.config.JHipsterProperties"},{"type":"INSTANTIATE","source":"tech.jhipster.config.info.JHipsterInfoContributorConfiguration","target":"tech.jhipster.config.info.ActiveProfilesInfoContributor"},{"type":"INSTANTIATE","source":"tech.jhipster.config.metric.JHipsterMetricsEndpointConfiguration","target":"tech.jhipster.config.metric.JHipsterMetricsEndpoint"},{"type":"INSTANTIATE","source":"tech.jhipster.service.filter.LongFilter","target":"tech.jhipster.service.filter.LongFilter"},{"type":"INSTANTIATE","source":"tech.jhipster.service.filter.InstantFilter","target":"tech.jhipster.service.filter.InstantFilter"},{"type":"INSTANTIATE","source":"tech.jhipster.service.filter.ZonedDateTimeFilter","target":"tech.jhipster.service.filter.ZonedDateTimeFilter"},{"type":"INSTANTIATE","source":"tech.jhipster.service.filter.BooleanFilter","target":"tech.jhipster.service.filter.BooleanFilter"},{"type":"INSTANTIATE","source":"tech.jhipster.service.filter.ShortFilter","target":"tech.jhipster.service.filter.ShortFilter"},{"type":"INSTANTIATE","source":"tech.jhipster.service.filter.UUIDFilter","target":"tech.jhipster.service.filter.UUIDFilter"},{"type":"INSTANTIATE","source":"tech.jhipster.service.filter.DurationFilter","target":"tech.jhipster.service.filter.DurationFilter"},{"type":"INSTANTIATE","source":"tech.jhipster.service.filter.BigDecimalFilter","target":"tech.jhipster.service.filter.BigDecimalFilter"},{"type":"INSTANTIATE","source":"tech.jhipster.service.filter.FloatFilter","target":"tech.jhipster.service.filter.FloatFilter"},{"type":"INSTANTIATE","source":"tech.jhipster.service.filter.DoubleFilter","target":"tech.jhipster.service.filter.DoubleFilter"},{"type":"INSTANTIATE","source":"tech.jhipster.service.filter.IntegerFilter","target":"tech.jhipster.service.filter.IntegerFilter"},{"type":"INSTANTIATE","source":"tech.jhipster.service.filter.RangeFilter","target":"tech.jhipster.service.filter.RangeFilter"},{"type":"INSTANTIATE","source":"tech.jhipster.service.filter.LocalDateFilter","target":"tech.jhipster.service.filter.LocalDateFilter"},{"type":"INSTANTIATE","source":"tech.jhipster.service.filter.StringFilter","target":"tech.jhipster.service.filter.StringFilter"},{"type":"INSTANTIATE","source":"tech.jhipster.service.filter.Filter","target":"tech.jhipster.service.filter.Filter"},{"type":"INSTANTIATE","source":"tech.jhipster.service.QueryService","target":"tech.jhipster.service.filter.RangeFilter"},{"type":"INSTANTIATE","source":"tech.jhipster.service.QueryService","target":"tech.jhipster.service.filter.StringFilter"},{"type":"INSTANTIATE","source":"tech.jhipster.service.QueryService","target":"tech.jhipster.service.filter.Filter"},{"type":"INSTANTIATE","source":"tech.jhipster.web.filter.CachingHttpHeadersFilter","target":"tech.jhipster.config.JHipsterProperties"},{"type":"INSTANTIATE","source":"tech.jhipster.domain.util.JSR310DateConverters.LocalDateToDateConverter","target":"tech.jhipster.domain.util.JSR310DateConverters.LocalDateToDateConverter"},{"type":"INSTANTIATE","source":"tech.jhipster.domain.util.JSR310DateConverters.DateToLocalDateConverter","target":"tech.jhipster.domain.util.JSR310DateConverters.DateToLocalDateConverter"},{"type":"INSTANTIATE","source":"tech.jhipster.domain.util.JSR310DateConverters.ZonedDateTimeToDateConverter","target":"tech.jhipster.domain.util.JSR310DateConverters.ZonedDateTimeToDateConverter"},{"type":"INSTANTIATE","source":"tech.jhipster.domain.util.JSR310DateConverters.DateToZonedDateTimeConverter","target":"tech.jhipster.domain.util.JSR310DateConverters.DateToZonedDateTimeConverter"},{"type":"INSTANTIATE","source":"tech.jhipster.domain.util.JSR310DateConverters.LocalDateTimeToDateConverter","target":"tech.jhipster.domain.util.JSR310DateConverters.LocalDateTimeToDateConverter"},{"type":"INSTANTIATE","source":"tech.jhipster.domain.util.JSR310DateConverters.DateToLocalDateTimeConverter","target":"tech.jhipster.domain.util.JSR310DateConverters.DateToLocalDateTimeConverter"},{"type":"INSTANTIATE","source":"tech.jhipster.domain.util.JSR310DateConverters.DurationToLongConverter","target":"tech.jhipster.domain.util.JSR310DateConverters.DurationToLongConverter"},{"type":"INSTANTIATE","source":"tech.jhipster.domain.util.JSR310DateConverters.LongToDurationConverter","target":"tech.jhipster.domain.util.JSR310DateConverters.LongToDurationConverter"}],"alllinks":[{"type":"INSTANTIATE","source":"tech.jhipster.web.filter.CachingHttpHeadersFilter","target":"tech.jhipster.config.JHipsterProperties"},{"type":"INSTANTIATE","source":"tech.jhipster.config.apidoc.SpringfoxAutoConfiguration","target":"tech.jhipster.config.JHipsterProperties"},{"type":"INSTANTIATE","source":"tech.jhipster.config.JHipsterProperties","target":"tech.jhipster.config.JHipsterProperties.Async"},{"type":"INSTANTIATE","source":"tech.jhipster.config.JHipsterProperties","target":"tech.jhipster.config.JHipsterProperties.Http"},{"type":"INSTANTIATE","source":"tech.jhipster.config.JHipsterProperties.Http","target":"tech.jhipster.config.JHipsterProperties.Http.Cache"},{"type":"INSTANTIATE","source":"tech.jhipster.config.JHipsterProperties","target":"tech.jhipster.config.JHipsterProperties.Database"},{"type":"INSTANTIATE","source":"tech.jhipster.config.JHipsterProperties.Database","target":"tech.jhipster.config.JHipsterProperties.Database.Couchbase"},{"type":"INSTANTIATE","source":"tech.jhipster.config.JHipsterProperties","target":"tech.jhipster.config.JHipsterProperties.Cache"},{"type":"INSTANTIATE","source":"tech.jhipster.config.JHipsterProperties.Cache","target":"tech.jhipster.config.JHipsterProperties.Cache.Hazelcast"},{"type":"INSTANTIATE","source":"tech.jhipster.config.JHipsterProperties.Cache","target":"tech.jhipster.config.JHipsterProperties.Cache.Caffeine"},{"type":"INSTANTIATE","source":"tech.jhipster.config.JHipsterProperties.Cache","target":"tech.jhipster.config.JHipsterProperties.Cache.Ehcache"},{"type":"INSTANTIATE","source":"tech.jhipster.config.JHipsterProperties.Cache","target":"tech.jhipster.config.JHipsterProperties.Cache.Infinispan"},{"type":"INSTANTIATE","source":"tech.jhipster.config.JHipsterProperties.Cache.Infinispan","target":"tech.jhipster.config.JHipsterProperties.Cache.Infinispan.Local"},{"type":"INSTANTIATE","source":"tech.jhipster.config.JHipsterProperties.Cache.Infinispan","target":"tech.jhipster.config.JHipsterProperties.Cache.Infinispan.Distributed"},{"type":"INSTANTIATE","source":"tech.jhipster.config.JHipsterProperties.Cache.Infinispan","target":"tech.jhipster.config.JHipsterProperties.Cache.Infinispan.Replicated"},{"type":"INSTANTIATE","source":"tech.jhipster.config.JHipsterProperties.Cache","target":"tech.jhipster.config.JHipsterProperties.Cache.Memcached"},{"type":"INSTANTIATE","source":"tech.jhipster.config.JHipsterProperties.Cache.Memcached","target":"tech.jhipster.config.JHipsterProperties.Cache.Memcached.Authentication"},{"type":"INSTANTIATE","source":"tech.jhipster.config.JHipsterProperties.Cache","target":"tech.jhipster.config.JHipsterProperties.Cache.Redis"},{"type":"INSTANTIATE","source":"tech.jhipster.config.JHipsterProperties","target":"tech.jhipster.config.JHipsterProperties.Mail"},{"type":"INSTANTIATE","source":"tech.jhipster.config.JHipsterProperties","target":"tech.jhipster.config.JHipsterProperties.Security"},{"type":"INSTANTIATE","source":"tech.jhipster.config.JHipsterProperties.Security","target":"tech.jhipster.config.JHipsterProperties.Security.ClientAuthorization"},{"type":"INSTANTIATE","source":"tech.jhipster.config.JHipsterProperties.Security","target":"tech.jhipster.config.JHipsterProperties.Security.Authentication"},{"type":"INSTANTIATE","source":"tech.jhipster.config.JHipsterProperties.Security.Authentication","target":"tech.jhipster.config.JHipsterProperties.Security.Authentication.Jwt"},{"type":"INSTANTIATE","source":"tech.jhipster.config.JHipsterProperties.Security","target":"tech.jhipster.config.JHipsterProperties.Security.RememberMe"},{"type":"INSTANTIATE","source":"tech.jhipster.config.JHipsterProperties.Security","target":"tech.jhipster.config.JHipsterProperties.Security.OAuth2"},{"type":"INSTANTIATE","source":"tech.jhipster.config.JHipsterProperties","target":"tech.jhipster.config.JHipsterProperties.ApiDocs"},{"type":"INSTANTIATE","source":"tech.jhipster.config.JHipsterProperties","target":"tech.jhipster.config.JHipsterProperties.Logging"},{"type":"INSTANTIATE","source":"tech.jhipster.config.JHipsterProperties.Logging","target":"tech.jhipster.config.JHipsterProperties.Logging.Logstash"},{"type":"INSTANTIATE","source":"tech.jhipster.config.JHipsterProperties","target":"tech.jhipster.config.JHipsterProperties.Social"},{"type":"INSTANTIATE","source":"tech.jhipster.config.JHipsterProperties","target":"tech.jhipster.config.JHipsterProperties.Gateway"},{"type":"INSTANTIATE","source":"tech.jhipster.config.JHipsterProperties.Gateway","target":"tech.jhipster.config.JHipsterProperties.Gateway.RateLimiting"},{"type":"INSTANTIATE","source":"tech.jhipster.config.JHipsterProperties","target":"tech.jhipster.config.JHipsterProperties.Registry"},{"type":"INSTANTIATE","source":"tech.jhipster.config.JHipsterProperties","target":"tech.jhipster.config.JHipsterProperties.ClientApp"},{"type":"INSTANTIATE","source":"tech.jhipster.config.JHipsterProperties","target":"tech.jhipster.config.JHipsterProperties.AuditEvents"},{"type":"INSTANTIATE","source":"tech.jhipster.config.liquibase.SpringLiquibaseUtil","target":"tech.jhipster.config.liquibase.AsyncSpringLiquibase"},{"type":"INSTANTIATE","source":"tech.jhipster.config.apidoc.SpringfoxPluginsAutoConfiguration.SpringPagePluginConfiguration","target":"tech.jhipster.config.apidoc.PageableParameterBuilderPlugin"},{"type":"IMPLEMENTS","source":"tech.jhipster.config.apidoc.customizer.SpringfoxCustomizer","target":"tech.jhipster.config.apidoc.customizer.JHipsterSpringfoxCustomizer"},{"type":"INSTANTIATE","source":"tech.jhipster.config.info.JHipsterInfoContributorConfiguration","target":"tech.jhipster.config.info.ActiveProfilesInfoContributor"},{"type":"INSTANTIATE","source":"tech.jhipster.config.metric.JHipsterMetricsEndpointConfiguration","target":"tech.jhipster.config.metric.JHipsterMetricsEndpoint"},{"type":"INSTANTIATE","source":"tech.jhipster.service.filter.LongFilter","target":"tech.jhipster.service.filter.LongFilter"},{"type":"EXTENDS","source":"tech.jhipster.service.filter.RangeFilter","target":"tech.jhipster.service.filter.LongFilter"},{"type":"INSTANTIATE","source":"tech.jhipster.service.filter.InstantFilter","target":"tech.jhipster.service.filter.InstantFilter"},{"type":"EXTENDS","source":"tech.jhipster.service.filter.RangeFilter","target":"tech.jhipster.service.filter.InstantFilter"},{"type":"INSTANTIATE","source":"tech.jhipster.service.filter.ZonedDateTimeFilter","target":"tech.jhipster.service.filter.ZonedDateTimeFilter"},{"type":"EXTENDS","source":"tech.jhipster.service.filter.RangeFilter","target":"tech.jhipster.service.filter.ZonedDateTimeFilter"},{"type":"INSTANTIATE","source":"tech.jhipster.service.filter.BooleanFilter","target":"tech.jhipster.service.filter.BooleanFilter"},{"type":"EXTENDS","source":"tech.jhipster.service.filter.Filter","target":"tech.jhipster.service.filter.BooleanFilter"},{"type":"INSTANTIATE","source":"tech.jhipster.service.filter.ShortFilter","target":"tech.jhipster.service.filter.ShortFilter"},{"type":"EXTENDS","source":"tech.jhipster.service.filter.RangeFilter","target":"tech.jhipster.service.filter.ShortFilter"},{"type":"INSTANTIATE","source":"tech.jhipster.service.filter.UUIDFilter","target":"tech.jhipster.service.filter.UUIDFilter"},{"type":"EXTENDS","source":"tech.jhipster.service.filter.Filter","target":"tech.jhipster.service.filter.UUIDFilter"},{"type":"INSTANTIATE","source":"tech.jhipster.service.filter.DurationFilter","target":"tech.jhipster.service.filter.DurationFilter"},{"type":"EXTENDS","source":"tech.jhipster.service.filter.RangeFilter","target":"tech.jhipster.service.filter.DurationFilter"},{"type":"INSTANTIATE","source":"tech.jhipster.service.filter.BigDecimalFilter","target":"tech.jhipster.service.filter.BigDecimalFilter"},{"type":"EXTENDS","source":"tech.jhipster.service.filter.RangeFilter","target":"tech.jhipster.service.filter.BigDecimalFilter"},{"type":"INSTANTIATE","source":"tech.jhipster.service.filter.FloatFilter","target":"tech.jhipster.service.filter.FloatFilter"},{"type":"EXTENDS","source":"tech.jhipster.service.filter.RangeFilter","target":"tech.jhipster.service.filter.FloatFilter"},{"type":"INSTANTIATE","source":"tech.jhipster.service.filter.DoubleFilter","target":"tech.jhipster.service.filter.DoubleFilter"},{"type":"EXTENDS","source":"tech.jhipster.service.filter.RangeFilter","target":"tech.jhipster.service.filter.DoubleFilter"},{"type":"INSTANTIATE","source":"tech.jhipster.service.filter.IntegerFilter","target":"tech.jhipster.service.filter.IntegerFilter"},{"type":"EXTENDS","source":"tech.jhipster.service.filter.RangeFilter","target":"tech.jhipster.service.filter.IntegerFilter"},{"type":"INSTANTIATE","source":"tech.jhipster.service.QueryService","target":"tech.jhipster.service.filter.RangeFilter"},{"type":"INSTANTIATE","source":"tech.jhipster.service.filter.RangeFilter","target":"tech.jhipster.service.filter.RangeFilter"},{"type":"EXTENDS","source":"tech.jhipster.service.filter.Filter","target":"tech.jhipster.service.filter.RangeFilter"},{"type":"INSTANTIATE","source":"tech.jhipster.service.filter.LocalDateFilter","target":"tech.jhipster.service.filter.LocalDateFilter"},{"type":"EXTENDS","source":"tech.jhipster.service.filter.RangeFilter","target":"tech.jhipster.service.filter.LocalDateFilter"},{"type":"INSTANTIATE","source":"tech.jhipster.service.QueryService","target":"tech.jhipster.service.filter.StringFilter"},{"type":"INSTANTIATE","source":"tech.jhipster.service.filter.StringFilter","target":"tech.jhipster.service.filter.StringFilter"},{"type":"EXTENDS","source":"tech.jhipster.service.filter.Filter","target":"tech.jhipster.service.filter.StringFilter"},{"type":"INSTANTIATE","source":"tech.jhipster.service.QueryService","target":"tech.jhipster.service.filter.Filter"},{"type":"INSTANTIATE","source":"tech.jhipster.service.filter.Filter","target":"tech.jhipster.service.filter.Filter"},{"type":"INSTANTIATE","source":"tech.jhipster.domain.util.JSR310DateConverters.LocalDateToDateConverter","target":"tech.jhipster.domain.util.JSR310DateConverters.LocalDateToDateConverter"},{"type":"INSTANTIATE","source":"tech.jhipster.domain.util.JSR310DateConverters.DateToLocalDateConverter","target":"tech.jhipster.domain.util.JSR310DateConverters.DateToLocalDateConverter"},{"type":"INSTANTIATE","source":"tech.jhipster.domain.util.JSR310DateConverters.ZonedDateTimeToDateConverter","target":"tech.jhipster.domain.util.JSR310DateConverters.ZonedDateTimeToDateConverter"},{"type":"INSTANTIATE","source":"tech.jhipster.domain.util.JSR310DateConverters.DateToZonedDateTimeConverter","target":"tech.jhipster.domain.util.JSR310DateConverters.DateToZonedDateTimeConverter"},{"type":"INSTANTIATE","source":"tech.jhipster.domain.util.JSR310DateConverters.LocalDateTimeToDateConverter","target":"tech.jhipster.domain.util.JSR310DateConverters.LocalDateTimeToDateConverter"},{"type":"INSTANTIATE","source":"tech.jhipster.domain.util.JSR310DateConverters.DateToLocalDateTimeConverter","target":"tech.jhipster.domain.util.JSR310DateConverters.DateToLocalDateTimeConverter"},{"type":"INSTANTIATE","source":"tech.jhipster.domain.util.JSR310DateConverters.DurationToLongConverter","target":"tech.jhipster.domain.util.JSR310DateConverters.DurationToLongConverter"},{"type":"INSTANTIATE","source":"tech.jhipster.domain.util.JSR310DateConverters.LongToDurationConverter","target":"tech.jhipster.domain.util.JSR310DateConverters.LongToDurationConverter"}]}