{"nodes":[{"constructors":[],"types":["INTERFACE","PUBLIC","VP","HOTSPOT"],"methods":[{"name":"customize","number":1}],"name":"io.github.jhipster.config.apidoc.customizer.SwaggerCustomizer","attributes":[{"name":"io.github.jhipster.config.apidoc.customizer.JHipsterSwaggerCustomizer","number":1}]},{"constructors":[],"types":["INTERFACE","PUBLIC","VP"],"methods":[],"name":"io.github.jhipster.config.JHipsterDefaults","attributes":[]},{"constructors":[],"types":["INTERFACE","PRIVATE","VP"],"methods":[],"name":"io.github.jhipster.config.JHipsterDefaults.Async","attributes":[]},{"constructors":[],"types":["INTERFACE","PRIVATE","VP"],"methods":[],"name":"io.github.jhipster.config.JHipsterDefaults.Http","attributes":[]},{"constructors":[],"types":["INTERFACE","PRIVATE","VP"],"methods":[],"name":"io.github.jhipster.config.JHipsterDefaults.Http.Cache","attributes":[]},{"constructors":[],"types":["INTERFACE","PRIVATE","VP"],"methods":[],"name":"io.github.jhipster.config.JHipsterDefaults.Cache","attributes":[]},{"constructors":[],"types":["INTERFACE","PRIVATE","VP"],"methods":[],"name":"io.github.jhipster.config.JHipsterDefaults.Cache.Hazelcast","attributes":[]},{"constructors":[],"types":["INTERFACE","PRIVATE","VP"],"methods":[],"name":"io.github.jhipster.config.JHipsterDefaults.Cache.Hazelcast.ManagementCenter","attributes":[]},{"constructors":[],"types":["INTERFACE","PRIVATE","VP"],"methods":[],"name":"io.github.jhipster.config.JHipsterDefaults.Cache.Ehcache","attributes":[]},{"constructors":[],"types":["INTERFACE","PRIVATE","VP"],"methods":[],"name":"io.github.jhipster.config.JHipsterDefaults.Cache.Infinispan","attributes":[]},{"constructors":[],"types":["INTERFACE","PRIVATE","VP"],"methods":[],"name":"io.github.jhipster.config.JHipsterDefaults.Cache.Infinispan.Local","attributes":[]},{"constructors":[],"types":["INTERFACE","PRIVATE","VP"],"methods":[],"name":"io.github.jhipster.config.JHipsterDefaults.Cache.Infinispan.Distributed","attributes":[]},{"constructors":[],"types":["INTERFACE","PRIVATE","VP"],"methods":[],"name":"io.github.jhipster.config.JHipsterDefaults.Cache.Infinispan.Replicated","attributes":[]},{"constructors":[],"types":["INTERFACE","PRIVATE","VP"],"methods":[],"name":"io.github.jhipster.config.JHipsterDefaults.Cache.Memcached","attributes":[]},{"constructors":[],"types":["INTERFACE","PRIVATE","VP"],"methods":[],"name":"io.github.jhipster.config.JHipsterDefaults.Mail","attributes":[]},{"constructors":[],"types":["INTERFACE","PRIVATE","VP"],"methods":[],"name":"io.github.jhipster.config.JHipsterDefaults.Security","attributes":[]},{"constructors":[],"types":["INTERFACE","PRIVATE","VP"],"methods":[],"name":"io.github.jhipster.config.JHipsterDefaults.Security.ClientAuthorization","attributes":[]},{"constructors":[],"types":["INTERFACE","PRIVATE","VP"],"methods":[],"name":"io.github.jhipster.config.JHipsterDefaults.Security.Authentication","attributes":[]},{"constructors":[],"types":["INTERFACE","PRIVATE","VP"],"methods":[],"name":"io.github.jhipster.config.JHipsterDefaults.Security.Authentication.Jwt","attributes":[]},{"constructors":[],"types":["INTERFACE","PRIVATE","VP"],"methods":[],"name":"io.github.jhipster.config.JHipsterDefaults.Security.RememberMe","attributes":[]},{"constructors":[],"types":["INTERFACE","PRIVATE","VP"],"methods":[],"name":"io.github.jhipster.config.JHipsterDefaults.Swagger","attributes":[]},{"constructors":[],"types":["INTERFACE","PRIVATE","VP"],"methods":[],"name":"io.github.jhipster.config.JHipsterDefaults.Metrics","attributes":[]},{"constructors":[],"types":["INTERFACE","PRIVATE","VP"],"methods":[],"name":"io.github.jhipster.config.JHipsterDefaults.Metrics.Jmx","attributes":[]},{"constructors":[],"types":["INTERFACE","PRIVATE","VP"],"methods":[],"name":"io.github.jhipster.config.JHipsterDefaults.Metrics.Logs","attributes":[]},{"constructors":[],"types":["INTERFACE","PRIVATE","VP"],"methods":[],"name":"io.github.jhipster.config.JHipsterDefaults.Metrics.Prometheus","attributes":[]},{"constructors":[],"types":["INTERFACE","PRIVATE","VP"],"methods":[],"name":"io.github.jhipster.config.JHipsterDefaults.Logging","attributes":[]},{"constructors":[],"types":["INTERFACE","PRIVATE","VP"],"methods":[],"name":"io.github.jhipster.config.JHipsterDefaults.Logging.Logstash","attributes":[]},{"constructors":[],"types":["INTERFACE","PRIVATE","VP"],"methods":[],"name":"io.github.jhipster.config.JHipsterDefaults.Social","attributes":[]},{"constructors":[],"types":["INTERFACE","PRIVATE","VP"],"methods":[],"name":"io.github.jhipster.config.JHipsterDefaults.Gateway","attributes":[]},{"constructors":[],"types":["INTERFACE","PRIVATE","VP"],"methods":[],"name":"io.github.jhipster.config.JHipsterDefaults.Gateway.RateLimiting","attributes":[]},{"constructors":[],"types":["INTERFACE","PRIVATE","VP"],"methods":[],"name":"io.github.jhipster.config.JHipsterDefaults.Ribbon","attributes":[]},{"constructors":[],"types":["INTERFACE","PRIVATE","VP"],"methods":[],"name":"io.github.jhipster.config.JHipsterDefaults.Registry","attributes":[]},{"constructors":[],"types":["INTERFACE","PUBLIC","VP"],"methods":[],"name":"io.github.jhipster.config.JHipsterConstants","attributes":[]},{"constructors":[],"publicConstructors":0,"types":["CLASS","PUBLIC","FACTORY","VP","VARIANT"],"constructorVPs":0,"methodVariants":0,"methods":[{"name":"setBeanClassLoader","number":1},{"name":"getUri","number":1},{"name":"getCacheManager","number":1}],"methodVPs":0,"publicMethods":1,"constructorVariants":0,"name":"io.github.jhipster.config.jcache.BeanClassLoaderAwareJCacheRegionFactory","attributes":[],"allMethods":3},{"constructors":[],"publicConstructors":0,"types":["CLASS","PUBLIC","FACTORY","VP"],"constructorVPs":0,"methodVariants":0,"methods":[{"name":"createCache","number":1}],"methodVPs":0,"publicMethods":0,"constructorVariants":0,"name":"io.github.jhipster.config.jcache.NoDefaultJCacheRegionFactory","attributes":[{"name":"io.github.jhipster.config.jcache.BeanClassLoaderAwareJCacheRegionFactory","number":1}],"allMethods":1},{"constructors":[],"publicConstructors":0,"types":["CLASS","PUBLIC","VP","VARIANT","COMPOSITION_STRATEGY"],"constructorVPs":0,"methodVariants":0,"methods":[{"name":"toString","number":1},{"name":"hashCode","number":1},{"name":"equals","number":1},{"name":"setLessOrEqualThan","number":1},{"name":"getLessOrEqualThan","number":1},{"name":"setLessThan","number":1},{"name":"getLessThan","number":1},{"name":"setGreaterOrEqualThan","number":1},{"name":"getGreaterOrEqualThan","number":1},{"name":"setGreaterThan","number":1},{"name":"getGreaterThan","number":1}],"methodVPs":0,"publicMethods":11,"constructorVariants":0,"name":"io.github.jhipster.service.filter.RangeFilter","attributes":[{"name":"io.github.jhipster.service.filter.LocalDateFilter","number":1},{"name":"io.github.jhipster.service.filter.IntegerFilter","number":1},{"name":"io.github.jhipster.service.filter.DoubleFilter","number":1},{"name":"io.github.jhipster.service.filter.FloatFilter","number":1},{"name":"io.github.jhipster.service.filter.BigDecimalFilter","number":1},{"name":"io.github.jhipster.service.filter.ShortFilter","number":1},{"name":"io.github.jhipster.service.filter.ZonedDateTimeFilter","number":1},{"name":"io.github.jhipster.service.filter.InstantFilter","number":1},{"name":"io.github.jhipster.service.filter.LongFilter","number":1}],"allMethods":11},{"constructors":[],"publicConstructors":0,"types":["CLASS","PUBLIC","VP","COMPOSITION_STRATEGY"],"constructorVPs":0,"methodVariants":0,"methods":[{"name":"getFilterName","number":1},{"name":"toString","number":1},{"name":"hashCode","number":1},{"name":"equals","number":1},{"name":"setIn","number":1},{"name":"getIn","number":1},{"name":"setSpecified","number":1},{"name":"getSpecified","number":1},{"name":"setEquals","number":1},{"name":"getEquals","number":1}],"methodVPs":0,"publicMethods":9,"constructorVariants":0,"name":"io.github.jhipster.service.filter.Filter","attributes":[{"name":"io.github.jhipster.service.filter.StringFilter","number":1},{"name":"io.github.jhipster.service.filter.RangeFilter","number":1},{"name":"io.github.jhipster.service.filter.BooleanFilter","number":1}],"allMethods":10},{"types":["CLASS","PUBLIC","ABSTRACT","VP","METHOD_LEVEL_VP","HOTSPOT"],"constructorVPs":0,"methods":[{"name":"lessThanOrEqualTo","number":4},{"name":"lessThan","number":4},{"name":"greaterThanOrEqualTo","number":4},{"name":"greaterThan","number":4},{"name":"valueIn","number":4},{"name":"wrapLikeQuery","number":1},{"name":"byFieldSpecified","number":3},{"name":"byFieldEmptiness","number":1},{"name":"likeUpperSpecification","number":2},{"name":"equalsSetSpecification","number":1},{"name":"equalsSpecification","number":3},{"name":"buildReferringEntitySpecification","number":6},{"name":"buildSpecification","number":4},{"name":"buildRangeSpecification","number":1},{"name":"buildStringSpecification","number":1}],"allMethods":43,"constructors":[],"publicConstructors":0,"methodVariants":38,"methodVPs":10,"publicMethods":0,"constructorVariants":0,"name":"io.github.jhipster.service.QueryService","attributes":[{"name":"io.github.jhipster.service.filter.RangeFilter","number":1},{"name":"io.github.jhipster.service.filter.StringFilter","number":1},{"name":"io.github.jhipster.service.filter.Filter","number":1}],"nbCompositions":3},{"constructors":[],"types":["INTERFACE","PUBLIC","VP"],"methods":[{"name":"wrapOrNotFound","number":2}],"name":"io.github.jhipster.web.util.ResponseUtil","attributes":[]},{"constructors":[{"name":"JHipsterSwaggerCustomizer","number":1}],"publicConstructors":1,"types":["CLASS","PUBLIC","VARIANT"],"constructorVPs":0,"methodVariants":0,"methods":[{"name":"getOrder","number":1},{"name":"setOrder","number":1},{"name":"customize","number":1}],"methodVPs":0,"publicMethods":3,"constructorVariants":0,"name":"io.github.jhipster.config.apidoc.customizer.JHipsterSwaggerCustomizer","attributes":[],"allMethods":3},{"constructors":[{"name":"LongFilter","number":1}],"publicConstructors":1,"types":["CLASS","PUBLIC","VARIANT"],"constructorVPs":0,"methodVariants":0,"methods":[],"methodVPs":0,"publicMethods":0,"constructorVariants":0,"name":"io.github.jhipster.service.filter.LongFilter","attributes":[],"allMethods":0},{"constructors":[],"publicConstructors":0,"types":["CLASS","PUBLIC","VARIANT"],"constructorVPs":0,"methodVariants":0,"methods":[{"name":"setLessOrEqualThan","number":1},{"name":"setLessThan","number":1},{"name":"setGreaterOrEqualThan","number":1},{"name":"setGreaterThan","number":1},{"name":"setEquals","number":1}],"methodVPs":0,"publicMethods":5,"constructorVariants":0,"name":"io.github.jhipster.service.filter.InstantFilter","attributes":[],"allMethods":5},{"constructors":[],"publicConstructors":0,"types":["CLASS","PUBLIC","VARIANT"],"constructorVPs":0,"methodVariants":0,"methods":[{"name":"setIn","number":1},{"name":"setLessOrEqualThan","number":1},{"name":"setLessThan","number":1},{"name":"setGreaterOrEqualThan","number":1},{"name":"setGreaterThan","number":1},{"name":"setEquals","number":1}],"methodVPs":0,"publicMethods":6,"constructorVariants":0,"name":"io.github.jhipster.service.filter.ZonedDateTimeFilter","attributes":[],"allMethods":6},{"constructors":[{"name":"BooleanFilter","number":1}],"publicConstructors":1,"types":["CLASS","PUBLIC","VARIANT"],"constructorVPs":0,"methodVariants":0,"methods":[],"methodVPs":0,"publicMethods":0,"constructorVariants":0,"name":"io.github.jhipster.service.filter.BooleanFilter","attributes":[],"allMethods":0},{"constructors":[{"name":"ShortFilter","number":1}],"publicConstructors":1,"types":["CLASS","PUBLIC","VARIANT"],"constructorVPs":0,"methodVariants":0,"methods":[],"methodVPs":0,"publicMethods":0,"constructorVariants":0,"name":"io.github.jhipster.service.filter.ShortFilter","attributes":[],"allMethods":0},{"constructors":[],"publicConstructors":0,"types":["CLASS","PUBLIC","VARIANT"],"constructorVPs":0,"methodVariants":0,"methods":[],"methodVPs":0,"publicMethods":0,"constructorVariants":0,"name":"io.github.jhipster.service.filter.BigDecimalFilter","attributes":[],"allMethods":0},{"constructors":[{"name":"FloatFilter","number":1}],"publicConstructors":1,"types":["CLASS","PUBLIC","VARIANT"],"constructorVPs":0,"methodVariants":0,"methods":[],"methodVPs":0,"publicMethods":0,"constructorVariants":0,"name":"io.github.jhipster.service.filter.FloatFilter","attributes":[],"allMethods":0},{"constructors":[{"name":"DoubleFilter","number":1}],"publicConstructors":1,"types":["CLASS","PUBLIC","VARIANT"],"constructorVPs":0,"methodVariants":0,"methods":[],"methodVPs":0,"publicMethods":0,"constructorVariants":0,"name":"io.github.jhipster.service.filter.DoubleFilter","attributes":[],"allMethods":0},{"constructors":[{"name":"IntegerFilter","number":1}],"publicConstructors":1,"types":["CLASS","PUBLIC","VARIANT"],"constructorVPs":0,"methodVariants":0,"methods":[],"methodVPs":0,"publicMethods":0,"constructorVariants":0,"name":"io.github.jhipster.service.filter.IntegerFilter","attributes":[],"allMethods":0},{"constructors":[],"publicConstructors":0,"types":["CLASS","PUBLIC","VARIANT"],"constructorVPs":0,"methodVariants":0,"methods":[{"name":"setIn","number":1},{"name":"setLessOrEqualThan","number":1},{"name":"setLessThan","number":1},{"name":"setGreaterOrEqualThan","number":1},{"name":"setGreaterThan","number":1},{"name":"setEquals","number":1}],"methodVPs":0,"publicMethods":6,"constructorVariants":0,"name":"io.github.jhipster.service.filter.LocalDateFilter","attributes":[],"allMethods":6},{"constructors":[],"publicConstructors":0,"types":["CLASS","PUBLIC","VARIANT"],"constructorVPs":0,"methodVariants":0,"methods":[{"name":"toString","number":1},{"name":"hashCode","number":1},{"name":"equals","number":1},{"name":"setContains","number":1},{"name":"getContains","number":1}],"methodVPs":0,"publicMethods":5,"constructorVariants":0,"name":"io.github.jhipster.service.filter.StringFilter","attributes":[],"allMethods":5},{"constructors":[],"publicConstructors":0,"types":["CLASS","PUBLIC","METHOD_LEVEL_VP"],"constructorVPs":0,"methodVariants":2,"methods":[{"name":"initH2Console","number":1},{"name":"createServer","number":2}],"methodVPs":1,"publicMethods":3,"constructorVariants":0,"name":"io.github.jhipster.config.h2.H2ConfigurationHelper","attributes":[],"allMethods":3},{"constructors":[{"name":"ExceptionHandlingAsyncTaskExecutor","number":1}],"publicConstructors":1,"types":["CLASS","PUBLIC","METHOD_LEVEL_VP"],"constructorVPs":0,"methodVariants":4,"methods":[{"name":"afterPropertiesSet","number":1},{"name":"destroy","number":1},{"name":"submit","number":2},{"name":"handle","number":1},{"name":"createWrappedRunnable","number":1},{"name":"createCallable","number":1},{"name":"execute","number":2}],"methodVPs":2,"publicMethods":6,"constructorVariants":0,"name":"io.github.jhipster.async.ExceptionHandlingAsyncTaskExecutor","attributes":[],"allMethods":9}],"links":[{"type":"IMPLEMENTS","source":"io.github.jhipster.config.apidoc.customizer.SwaggerCustomizer","target":"io.github.jhipster.config.apidoc.customizer.JHipsterSwaggerCustomizer"},{"type":"EXTENDS","source":"io.github.jhipster.config.jcache.NoDefaultJCacheRegionFactory","target":"io.github.jhipster.config.jcache.BeanClassLoaderAwareJCacheRegionFactory"},{"type":"EXTENDS","source":"io.github.jhipster.service.filter.RangeFilter","target":"io.github.jhipster.service.filter.LocalDateFilter"},{"type":"EXTENDS","source":"io.github.jhipster.service.filter.RangeFilter","target":"io.github.jhipster.service.filter.IntegerFilter"},{"type":"EXTENDS","source":"io.github.jhipster.service.filter.RangeFilter","target":"io.github.jhipster.service.filter.DoubleFilter"},{"type":"EXTENDS","source":"io.github.jhipster.service.filter.RangeFilter","target":"io.github.jhipster.service.filter.FloatFilter"},{"type":"EXTENDS","source":"io.github.jhipster.service.filter.RangeFilter","target":"io.github.jhipster.service.filter.BigDecimalFilter"},{"type":"EXTENDS","source":"io.github.jhipster.service.filter.RangeFilter","target":"io.github.jhipster.service.filter.ShortFilter"},{"type":"EXTENDS","source":"io.github.jhipster.service.filter.RangeFilter","target":"io.github.jhipster.service.filter.ZonedDateTimeFilter"},{"type":"EXTENDS","source":"io.github.jhipster.service.filter.RangeFilter","target":"io.github.jhipster.service.filter.InstantFilter"},{"type":"EXTENDS","source":"io.github.jhipster.service.filter.RangeFilter","target":"io.github.jhipster.service.filter.LongFilter"},{"type":"EXTENDS","source":"io.github.jhipster.service.filter.Filter","target":"io.github.jhipster.service.filter.StringFilter"},{"type":"EXTENDS","source":"io.github.jhipster.service.filter.Filter","target":"io.github.jhipster.service.filter.RangeFilter"},{"type":"EXTENDS","source":"io.github.jhipster.service.filter.Filter","target":"io.github.jhipster.service.filter.BooleanFilter"}],"allnodes":[{"types":["CLASS","PUBLIC","METHOD_LEVEL_VP"],"constructorVPs":0,"methods":[{"name":"initH2Console","number":1},{"name":"createServer","number":2}],"interfaceAttributes":[],"allMethods":3,"constructors":[],"publicConstructors":0,"methodVariants":2,"methodVPs":1,"publicMethods":3,"constructorVariants":0,"name":"io.github.jhipster.config.h2.H2ConfigurationHelper","attributes":[]},{"types":["CLASS","PUBLIC"],"constructorVPs":0,"methods":[{"name":"quote","number":1},{"name":"parseLocaleCookieIfNecessary","number":1},{"name":"addCookie","number":1},{"name":"resolveLocaleContext","number":1},{"name":"resolveLocale","number":1}],"interfaceAttributes":[],"allMethods":5,"constructors":[],"publicConstructors":0,"methodVariants":0,"methodVPs":0,"publicMethods":3,"constructorVariants":0,"name":"io.github.jhipster.config.locale.AngularCookieLocaleResolver","attributes":[]},{"types":["CLASS","PUBLIC"],"constructorVPs":0,"methods":[{"name":"getGateway","number":1},{"name":"getSocial","number":1},{"name":"getCors","number":1},{"name":"getLogging","number":1},{"name":"getMetrics","number":1},{"name":"getSwagger","number":1},{"name":"getSecurity","number":1},{"name":"getRegistry","number":1},{"name":"getMail","number":1},{"name":"getCache","number":1},{"name":"getHttp","number":1},{"name":"getAsync","number":1}],"interfaceAttributes":[],"allMethods":12,"constructors":[],"publicConstructors":0,"methodVariants":0,"methodVPs":0,"publicMethods":12,"constructorVariants":0,"name":"io.github.jhipster.config.JHipsterProperties","attributes":[{"name":"io.github.jhipster.config.JHipsterProperties.Registry","number":1},{"name":"io.github.jhipster.config.JHipsterProperties.Gateway","number":1},{"name":"io.github.jhipster.config.JHipsterProperties.Social","number":1},{"name":"io.github.jhipster.config.JHipsterProperties.Logging","number":1},{"name":"io.github.jhipster.config.JHipsterProperties.Metrics","number":1},{"name":"io.github.jhipster.config.JHipsterProperties.Swagger","number":1},{"name":"io.github.jhipster.config.JHipsterProperties.Security","number":1},{"name":"io.github.jhipster.config.JHipsterProperties.Mail","number":1},{"name":"io.github.jhipster.config.JHipsterProperties.Cache","number":1},{"name":"io.github.jhipster.config.JHipsterProperties.Http","number":1},{"name":"io.github.jhipster.config.JHipsterProperties.Async","number":1}],"nbCompositions":11},{"types":["CLASS","PUBLIC"],"constructorVPs":0,"methods":[{"name":"setQueueCapacity","number":1},{"name":"getQueueCapacity","number":1},{"name":"setMaxPoolSize","number":1},{"name":"getMaxPoolSize","number":1},{"name":"setCorePoolSize","number":1},{"name":"getCorePoolSize","number":1}],"interfaceAttributes":[],"allMethods":6,"constructors":[],"publicConstructors":0,"methodVariants":0,"methodVPs":0,"publicMethods":6,"constructorVariants":0,"name":"io.github.jhipster.config.JHipsterProperties.Async","attributes":[]},{"types":["CLASS","PUBLIC"],"constructorVPs":0,"methods":[{"name":"setUseUndertowUserCipherSuitesOrder","number":1},{"name":"isUseUndertowUserCipherSuitesOrder","number":1},{"name":"setVersion","number":1},{"name":"getVersion","number":1},{"name":"getCache","number":1}],"interfaceAttributes":[],"allMethods":5,"constructors":[],"publicConstructors":0,"methodVariants":0,"methodVPs":0,"publicMethods":5,"constructorVariants":0,"name":"io.github.jhipster.config.JHipsterProperties.Http","attributes":[{"name":"io.github.jhipster.config.JHipsterProperties.Http.Cache","number":1}],"nbCompositions":1},{"types":["CLASS","PUBLIC"],"constructorVPs":0,"methods":[{"name":"setTimeToLiveInDays","number":1},{"name":"getTimeToLiveInDays","number":1}],"interfaceAttributes":[],"allMethods":2,"constructors":[],"publicConstructors":0,"methodVariants":0,"methodVPs":0,"publicMethods":2,"constructorVariants":0,"name":"io.github.jhipster.config.JHipsterProperties.Http.Cache","attributes":[]},{"types":["CLASS","PUBLIC"],"constructorVPs":0,"methods":[{"name":"getMemcached","number":1},{"name":"getInfinispan","number":1},{"name":"getEhcache","number":1},{"name":"getHazelcast","number":1}],"interfaceAttributes":[],"allMethods":4,"constructors":[],"publicConstructors":0,"methodVariants":0,"methodVPs":0,"publicMethods":4,"constructorVariants":0,"name":"io.github.jhipster.config.JHipsterProperties.Cache","attributes":[{"name":"io.github.jhipster.config.JHipsterProperties.Cache.Memcached","number":1},{"name":"io.github.jhipster.config.JHipsterProperties.Cache.Infinispan","number":1},{"name":"io.github.jhipster.config.JHipsterProperties.Cache.Ehcache","number":1},{"name":"io.github.jhipster.config.JHipsterProperties.Cache.Hazelcast","number":1}],"nbCompositions":4},{"types":["CLASS","PUBLIC"],"constructorVPs":0,"methods":[{"name":"setBackupCount","number":1},{"name":"getBackupCount","number":1},{"name":"setTimeToLiveSeconds","number":1},{"name":"getTimeToLiveSeconds","number":1},{"name":"getManagementCenter","number":1}],"interfaceAttributes":[],"allMethods":5,"constructors":[],"publicConstructors":0,"methodVariants":0,"methodVPs":0,"publicMethods":5,"constructorVariants":0,"name":"io.github.jhipster.config.JHipsterProperties.Cache.Hazelcast","attributes":[{"name":"io.github.jhipster.config.JHipsterProperties.Cache.Hazelcast.ManagementCenter","number":1}],"nbCompositions":1},{"types":["CLASS","PUBLIC"],"constructorVPs":0,"methods":[{"name":"setUrl","number":1},{"name":"getUrl","number":1},{"name":"setUpdateInterval","number":1},{"name":"getUpdateInterval","number":1},{"name":"setEnabled","number":1},{"name":"isEnabled","number":1}],"interfaceAttributes":[],"allMethods":6,"constructors":[],"publicConstructors":0,"methodVariants":0,"methodVPs":0,"publicMethods":6,"constructorVariants":0,"name":"io.github.jhipster.config.JHipsterProperties.Cache.Hazelcast.ManagementCenter","attributes":[]},{"types":["CLASS","PUBLIC"],"constructorVPs":0,"methods":[{"name":"setMaxEntries","number":1},{"name":"getMaxEntries","number":1},{"name":"setTimeToLiveSeconds","number":1},{"name":"getTimeToLiveSeconds","number":1}],"interfaceAttributes":[],"allMethods":4,"constructors":[],"publicConstructors":0,"methodVariants":0,"methodVPs":0,"publicMethods":4,"constructorVariants":0,"name":"io.github.jhipster.config.JHipsterProperties.Cache.Ehcache","attributes":[]},{"types":["CLASS","PUBLIC"],"constructorVPs":0,"methods":[{"name":"getReplicated","number":1},{"name":"getDistributed","number":1},{"name":"getLocal","number":1},{"name":"setStatsEnabled","number":1},{"name":"isStatsEnabled","number":1},{"name":"setConfigFile","number":1},{"name":"getConfigFile","number":1}],"interfaceAttributes":[],"allMethods":7,"constructors":[],"publicConstructors":0,"methodVariants":0,"methodVPs":0,"publicMethods":7,"constructorVariants":0,"name":"io.github.jhipster.config.JHipsterProperties.Cache.Infinispan","attributes":[{"name":"io.github.jhipster.config.JHipsterProperties.Cache.Infinispan.Replicated","number":1},{"name":"io.github.jhipster.config.JHipsterProperties.Cache.Infinispan.Distributed","number":1},{"name":"io.github.jhipster.config.JHipsterProperties.Cache.Infinispan.Local","number":1}],"nbCompositions":3},{"types":["CLASS","PUBLIC"],"constructorVPs":0,"methods":[{"name":"setMaxEntries","number":1},{"name":"getMaxEntries","number":1},{"name":"setTimeToLiveSeconds","number":1},{"name":"getTimeToLiveSeconds","number":1}],"interfaceAttributes":[],"allMethods":4,"constructors":[],"publicConstructors":0,"methodVariants":0,"methodVPs":0,"publicMethods":4,"constructorVariants":0,"name":"io.github.jhipster.config.JHipsterProperties.Cache.Infinispan.Local","attributes":[]},{"types":["CLASS","PUBLIC"],"constructorVPs":0,"methods":[{"name":"setInstanceCount","number":1},{"name":"getInstanceCount","number":1},{"name":"setMaxEntries","number":1},{"name":"getMaxEntries","number":1},{"name":"setTimeToLiveSeconds","number":1},{"name":"getTimeToLiveSeconds","number":1}],"interfaceAttributes":[],"allMethods":6,"constructors":[],"publicConstructors":0,"methodVariants":0,"methodVPs":0,"publicMethods":6,"constructorVariants":0,"name":"io.github.jhipster.config.JHipsterProperties.Cache.Infinispan.Distributed","attributes":[]},{"types":["CLASS","PUBLIC"],"constructorVPs":0,"methods":[{"name":"setMaxEntries","number":1},{"name":"getMaxEntries","number":1},{"name":"setTimeToLiveSeconds","number":1},{"name":"getTimeToLiveSeconds","number":1}],"interfaceAttributes":[],"allMethods":4,"constructors":[],"publicConstructors":0,"methodVariants":0,"methodVPs":0,"publicMethods":4,"constructorVariants":0,"name":"io.github.jhipster.config.JHipsterProperties.Cache.Infinispan.Replicated","attributes":[]},{"types":["CLASS","PUBLIC"],"constructorVPs":0,"methods":[{"name":"setUseBinaryProtocol","number":1},{"name":"isUseBinaryProtocol","number":1},{"name":"setExpiration","number":1},{"name":"getExpiration","number":1},{"name":"setServers","number":1},{"name":"getServers","number":1},{"name":"setEnabled","number":1},{"name":"isEnabled","number":1}],"interfaceAttributes":[],"allMethods":8,"constructors":[],"publicConstructors":0,"methodVariants":0,"methodVPs":0,"publicMethods":8,"constructorVariants":0,"name":"io.github.jhipster.config.JHipsterProperties.Cache.Memcached","attributes":[]},{"types":["CLASS","PUBLIC"],"constructorVPs":0,"methods":[{"name":"setBaseUrl","number":1},{"name":"getBaseUrl","number":1},{"name":"setFrom","number":1},{"name":"getFrom","number":1},{"name":"setEnabled","number":1},{"name":"isEnabled","number":1}],"interfaceAttributes":[],"allMethods":6,"constructors":[],"publicConstructors":0,"methodVariants":0,"methodVPs":0,"publicMethods":6,"constructorVariants":0,"name":"io.github.jhipster.config.JHipsterProperties.Mail","attributes":[]},{"types":["CLASS","PUBLIC"],"constructorVPs":0,"methods":[{"name":"getRememberMe","number":1},{"name":"getAuthentication","number":1},{"name":"getClientAuthorization","number":1}],"interfaceAttributes":[],"allMethods":3,"constructors":[],"publicConstructors":0,"methodVariants":0,"methodVPs":0,"publicMethods":3,"constructorVariants":0,"name":"io.github.jhipster.config.JHipsterProperties.Security","attributes":[{"name":"io.github.jhipster.config.JHipsterProperties.Security.RememberMe","number":1},{"name":"io.github.jhipster.config.JHipsterProperties.Security.Authentication","number":1},{"name":"io.github.jhipster.config.JHipsterProperties.Security.ClientAuthorization","number":1}],"nbCompositions":3},{"types":["CLASS","PUBLIC"],"constructorVPs":0,"methods":[{"name":"setClientSecret","number":1},{"name":"getClientSecret","number":1},{"name":"setClientId","number":1},{"name":"getClientId","number":1},{"name":"setTokenServiceId","number":1},{"name":"getTokenServiceId","number":1},{"name":"setAccessTokenUri","number":1},{"name":"getAccessTokenUri","number":1}],"interfaceAttributes":[],"allMethods":8,"constructors":[],"publicConstructors":0,"methodVariants":0,"methodVPs":0,"publicMethods":8,"constructorVariants":0,"name":"io.github.jhipster.config.JHipsterProperties.Security.ClientAuthorization","attributes":[]},{"types":["CLASS","PUBLIC"],"constructorVPs":0,"methods":[{"name":"getJwt","number":1}],"interfaceAttributes":[],"allMethods":1,"constructors":[],"publicConstructors":0,"methodVariants":0,"methodVPs":0,"publicMethods":1,"constructorVariants":0,"name":"io.github.jhipster.config.JHipsterProperties.Security.Authentication","attributes":[{"name":"io.github.jhipster.config.JHipsterProperties.Security.Authentication.Jwt","number":1}],"nbCompositions":1},{"types":["CLASS","PUBLIC"],"constructorVPs":0,"methods":[{"name":"setTokenValidityInSecondsForRememberMe","number":1},{"name":"getTokenValidityInSecondsForRememberMe","number":1},{"name":"setTokenValidityInSeconds","number":1},{"name":"getTokenValidityInSeconds","number":1},{"name":"setBase64Secret","number":1},{"name":"getBase64Secret","number":1},{"name":"setSecret","number":1},{"name":"getSecret","number":1}],"interfaceAttributes":[],"allMethods":8,"constructors":[],"publicConstructors":0,"methodVariants":0,"methodVPs":0,"publicMethods":8,"constructorVariants":0,"name":"io.github.jhipster.config.JHipsterProperties.Security.Authentication.Jwt","attributes":[]},{"types":["CLASS","PUBLIC"],"constructorVPs":0,"methods":[{"name":"setKey","number":1},{"name":"getKey","number":1}],"interfaceAttributes":[],"allMethods":2,"constructors":[],"publicConstructors":0,"methodVariants":0,"methodVPs":0,"publicMethods":2,"constructorVariants":0,"name":"io.github.jhipster.config.JHipsterProperties.Security.RememberMe","attributes":[]},{"types":["CLASS","PUBLIC"],"constructorVPs":0,"methods":[{"name":"setUseDefaultResponseMessages","number":1},{"name":"isUseDefaultResponseMessages","number":1},{"name":"setProtocols","number":1},{"name":"getProtocols","number":1},{"name":"setHost","number":1},{"name":"getHost","number":1},{"name":"setDefaultIncludePattern","number":1},{"name":"getDefaultIncludePattern","number":1},{"name":"setLicenseUrl","number":1},{"name":"getLicenseUrl","number":1},{"name":"setLicense","number":1},{"name":"getLicense","number":1},{"name":"setContactEmail","number":1},{"name":"getContactEmail","number":1},{"name":"setContactUrl","number":1},{"name":"getContactUrl","number":1},{"name":"setContactName","number":1},{"name":"getContactName","number":1},{"name":"setTermsOfServiceUrl","number":1},{"name":"getTermsOfServiceUrl","number":1},{"name":"setVersion","number":1},{"name":"getVersion","number":1},{"name":"setDescription","number":1},{"name":"getDescription","number":1},{"name":"setTitle","number":1},{"name":"getTitle","number":1}],"interfaceAttributes":[],"allMethods":26,"constructors":[],"publicConstructors":0,"methodVariants":0,"methodVPs":0,"publicMethods":26,"constructorVariants":0,"name":"io.github.jhipster.config.JHipsterProperties.Swagger","attributes":[]},{"types":["CLASS","PUBLIC"],"constructorVPs":0,"methods":[{"name":"getPrometheus","number":1},{"name":"getLogs","number":1},{"name":"getJmx","number":1}],"interfaceAttributes":[],"allMethods":3,"constructors":[],"publicConstructors":0,"methodVariants":0,"methodVPs":0,"publicMethods":3,"constructorVariants":0,"name":"io.github.jhipster.config.JHipsterProperties.Metrics","attributes":[{"name":"io.github.jhipster.config.JHipsterProperties.Metrics.Prometheus","number":1},{"name":"io.github.jhipster.config.JHipsterProperties.Metrics.Logs","number":1},{"name":"io.github.jhipster.config.JHipsterProperties.Metrics.Jmx","number":1}],"nbCompositions":3},{"types":["CLASS","PUBLIC"],"constructorVPs":0,"methods":[{"name":"setEnabled","number":1},{"name":"isEnabled","number":1}],"interfaceAttributes":[],"allMethods":2,"constructors":[],"publicConstructors":0,"methodVariants":0,"methodVPs":0,"publicMethods":2,"constructorVariants":0,"name":"io.github.jhipster.config.JHipsterProperties.Metrics.Jmx","attributes":[]},{"types":["CLASS","PUBLIC"],"constructorVPs":0,"methods":[{"name":"setReportFrequency","number":1},{"name":"getReportFrequency","number":1},{"name":"setEnabled","number":1},{"name":"isEnabled","number":1}],"interfaceAttributes":[],"allMethods":4,"constructors":[],"publicConstructors":0,"methodVariants":0,"methodVPs":0,"publicMethods":4,"constructorVariants":0,"name":"io.github.jhipster.config.JHipsterProperties.Metrics.Logs","attributes":[]},{"types":["CLASS","PUBLIC"],"constructorVPs":0,"methods":[{"name":"setEndpoint","number":1},{"name":"getEndpoint","number":1},{"name":"setEnabled","number":1},{"name":"isEnabled","number":1}],"interfaceAttributes":[],"allMethods":4,"constructors":[],"publicConstructors":0,"methodVariants":0,"methodVPs":0,"publicMethods":4,"constructorVariants":0,"name":"io.github.jhipster.config.JHipsterProperties.Metrics.Prometheus","attributes":[]},{"types":["CLASS","PUBLIC"],"constructorVPs":0,"methods":[{"name":"getLogstash","number":1}],"interfaceAttributes":[],"allMethods":1,"constructors":[],"publicConstructors":0,"methodVariants":0,"methodVPs":0,"publicMethods":1,"constructorVariants":0,"name":"io.github.jhipster.config.JHipsterProperties.Logging","attributes":[{"name":"io.github.jhipster.config.JHipsterProperties.Logging.Logstash","number":1}],"nbCompositions":1},{"types":["CLASS","PUBLIC"],"constructorVPs":0,"methods":[{"name":"setQueueSize","number":1},{"name":"getQueueSize","number":1},{"name":"setPort","number":1},{"name":"getPort","number":1},{"name":"setHost","number":1},{"name":"getHost","number":1},{"name":"setEnabled","number":1},{"name":"isEnabled","number":1}],"interfaceAttributes":[],"allMethods":8,"constructors":[],"publicConstructors":0,"methodVariants":0,"methodVPs":0,"publicMethods":8,"constructorVariants":0,"name":"io.github.jhipster.config.JHipsterProperties.Logging.Logstash","attributes":[]},{"types":["CLASS","PUBLIC"],"constructorVPs":0,"methods":[{"name":"setRedirectAfterSignIn","number":1},{"name":"getRedirectAfterSignIn","number":1}],"interfaceAttributes":[],"allMethods":2,"constructors":[],"publicConstructors":0,"methodVariants":0,"methodVPs":0,"publicMethods":2,"constructorVariants":0,"name":"io.github.jhipster.config.JHipsterProperties.Social","attributes":[]},{"types":["CLASS","PUBLIC"],"constructorVPs":0,"methods":[{"name":"setAuthorizedMicroservicesEndpoints","number":1},{"name":"getAuthorizedMicroservicesEndpoints","number":1},{"name":"getRateLimiting","number":1}],"interfaceAttributes":[],"allMethods":3,"constructors":[],"publicConstructors":0,"methodVariants":0,"methodVPs":0,"publicMethods":3,"constructorVariants":0,"name":"io.github.jhipster.config.JHipsterProperties.Gateway","attributes":[{"name":"io.github.jhipster.config.JHipsterProperties.Gateway.RateLimiting","number":1}],"nbCompositions":1},{"types":["CLASS","PUBLIC"],"constructorVPs":0,"methods":[{"name":"setDurationInSeconds","number":1},{"name":"getDurationInSeconds","number":1},{"name":"setLimit","number":1},{"name":"getLimit","number":1},{"name":"setEnabled","number":1},{"name":"isEnabled","number":1}],"interfaceAttributes":[],"allMethods":6,"constructors":[],"publicConstructors":0,"methodVariants":0,"methodVPs":0,"publicMethods":6,"constructorVariants":0,"name":"io.github.jhipster.config.JHipsterProperties.Gateway.RateLimiting","attributes":[]},{"types":["CLASS","PUBLIC"],"constructorVPs":0,"methods":[{"name":"setPassword","number":1},{"name":"getPassword","number":1}],"interfaceAttributes":[],"allMethods":2,"constructors":[],"publicConstructors":0,"methodVariants":0,"methodVPs":0,"publicMethods":2,"constructorVariants":0,"name":"io.github.jhipster.config.JHipsterProperties.Registry","attributes":[]},{"types":["CLASS","PUBLIC"],"constructorVPs":0,"methods":[{"name":"initDb","number":1},{"name":"afterPropertiesSet","number":1}],"interfaceAttributes":[],"allMethods":2,"constructors":[{"name":"AsyncSpringLiquibase","number":1}],"publicConstructors":1,"methodVariants":0,"methodVPs":0,"publicMethods":1,"constructorVariants":0,"name":"io.github.jhipster.config.liquibase.AsyncSpringLiquibase","attributes":[]},{"types":["CLASS","PUBLIC"],"constructorVPs":0,"methods":[{"name":"getNameExtractor","number":1},{"name":"getResolver","number":1},{"name":"createModelRefFactory","number":1},{"name":"createSortParameter","number":1},{"name":"createSizeParameter","number":1},{"name":"createPageParameter","number":1},{"name":"getSortName","number":1},{"name":"getSizeName","number":1},{"name":"getPageName","number":1},{"name":"apply","number":1},{"name":"supports","number":1}],"interfaceAttributes":[],"allMethods":11,"constructors":[{"name":"PageableParameterBuilderPlugin","number":1}],"publicConstructors":1,"methodVariants":0,"methodVPs":0,"publicMethods":2,"constructorVariants":0,"name":"io.github.jhipster.config.apidoc.PageableParameterBuilderPlugin","attributes":[]},{"types":["CLASS","PUBLIC","VARIANT"],"constructorVPs":0,"methods":[{"name":"getOrder","number":1},{"name":"setOrder","number":1},{"name":"customize","number":1}],"interfaceAttributes":[],"allMethods":3,"constructors":[{"name":"JHipsterSwaggerCustomizer","number":1}],"publicConstructors":1,"methodVariants":0,"methodVPs":0,"publicMethods":3,"constructorVariants":0,"name":"io.github.jhipster.config.apidoc.customizer.JHipsterSwaggerCustomizer","attributes":[]},{"types":["CLASS","PUBLIC"],"constructorVPs":0,"methods":[],"interfaceAttributes":[],"allMethods":0,"constructors":[],"publicConstructors":0,"methodVariants":0,"methodVPs":0,"publicMethods":0,"constructorVariants":0,"name":"io.github.jhipster.config.apidoc.SwaggerPluginsAutoConfiguration","attributes":[]},{"types":["CLASS","PUBLIC"],"constructorVPs":0,"methods":[{"name":"pageableParameterBuilderPlugin","number":1}],"interfaceAttributes":[],"allMethods":1,"constructors":[],"publicConstructors":0,"methodVariants":0,"methodVPs":0,"publicMethods":1,"constructorVariants":0,"name":"io.github.jhipster.config.apidoc.SwaggerPluginsAutoConfiguration.SpringPagePluginConfiguration","attributes":[{"name":"io.github.jhipster.config.apidoc.PageableParameterBuilderPlugin","number":1}],"nbCompositions":1},{"types":["CLASS","PUBLIC"],"constructorVPs":0,"methods":[{"name":"createDocket","number":1},{"name":"swaggerSpringfoxManagementDocket","number":1},{"name":"jHipsterSwaggerCustomizer","number":1},{"name":"swaggerSpringfoxApiDocket","number":1}],"interfaceAttributes":[],"allMethods":4,"constructors":[{"name":"SwaggerAutoConfiguration","number":1}],"publicConstructors":1,"methodVariants":0,"methodVPs":0,"publicMethods":3,"constructorVariants":0,"name":"io.github.jhipster.config.apidoc.SwaggerAutoConfiguration","attributes":[{"name":"io.github.jhipster.config.JHipsterProperties","number":1}],"nbCompositions":1},{"types":["CLASS","PUBLIC"],"constructorVPs":0,"methods":[{"name":"contribute","number":1}],"interfaceAttributes":[],"allMethods":1,"constructors":[],"publicConstructors":0,"methodVariants":0,"methodVPs":0,"publicMethods":1,"constructorVariants":0,"name":"io.github.jhipster.config.info.MailEnabledInfoContributor","attributes":[{"name":"io.github.jhipster.config.JHipsterProperties","number":1}],"nbCompositions":1},{"types":["CLASS","PUBLIC"],"constructorVPs":0,"methods":[{"name":"contribute","number":1}],"interfaceAttributes":[],"allMethods":1,"constructors":[{"name":"ActiveProfilesInfoContributor","number":1}],"publicConstructors":1,"methodVariants":0,"methodVPs":0,"publicMethods":1,"constructorVariants":0,"name":"io.github.jhipster.config.info.ActiveProfilesInfoContributor","attributes":[]},{"types":["CLASS","PUBLIC"],"constructorVPs":0,"methods":[{"name":"mailEnabledInfoContributor","number":1},{"name":"activeProfilesInfoContributor","number":1}],"interfaceAttributes":[],"allMethods":2,"constructors":[],"publicConstructors":0,"methodVariants":0,"methodVPs":0,"publicMethods":2,"constructorVariants":0,"name":"io.github.jhipster.config.info.JHipsterInfoContributorConfiguration","attributes":[{"name":"io.github.jhipster.config.info.MailEnabledInfoContributor","number":1},{"name":"io.github.jhipster.config.info.ActiveProfilesInfoContributor","number":1}],"nbCompositions":2},{"types":["CLASS","PUBLIC","FACTORY","VP","VARIANT"],"constructorVPs":0,"methods":[{"name":"setBeanClassLoader","number":1},{"name":"getUri","number":1},{"name":"getCacheManager","number":1}],"interfaceAttributes":[],"allMethods":3,"constructors":[],"publicConstructors":0,"methodVariants":0,"methodVPs":0,"publicMethods":1,"constructorVariants":0,"name":"io.github.jhipster.config.jcache.BeanClassLoaderAwareJCacheRegionFactory","attributes":[]},{"types":["CLASS","PUBLIC","FACTORY","VP"],"constructorVPs":0,"methods":[{"name":"createCache","number":1}],"interfaceAttributes":[],"allMethods":1,"constructors":[],"publicConstructors":0,"methodVariants":0,"methodVPs":0,"publicMethods":0,"constructorVariants":0,"name":"io.github.jhipster.config.jcache.NoDefaultJCacheRegionFactory","attributes":[{"name":"io.github.jhipster.config.jcache.BeanClassLoaderAwareJCacheRegionFactory","number":1}]},{"types":["CLASS","PUBLIC"],"constructorVPs":0,"methods":[{"name":"purge","number":1},{"name":"size","number":1},{"name":"put","number":1},{"name":"get","number":1}],"interfaceAttributes":[],"allMethods":4,"constructors":[{"name":"PersistentTokenCache","number":1}],"publicConstructors":1,"methodVariants":0,"methodVPs":0,"publicMethods":4,"constructorVariants":0,"name":"io.github.jhipster.security.PersistentTokenCache","attributes":[]},{"types":["CLASS","PUBLIC"],"constructorVPs":0,"methods":[{"name":"onAuthenticationFailure","number":1}],"interfaceAttributes":[],"allMethods":1,"constructors":[],"publicConstructors":0,"methodVariants":0,"methodVPs":0,"publicMethods":1,"constructorVariants":0,"name":"io.github.jhipster.security.AjaxAuthenticationFailureHandler","attributes":[]},{"types":["CLASS","PUBLIC"],"constructorVPs":0,"methods":[{"name":"onAuthenticationSuccess","number":1}],"interfaceAttributes":[],"allMethods":1,"constructors":[],"publicConstructors":0,"methodVariants":0,"methodVPs":0,"publicMethods":1,"constructorVariants":0,"name":"io.github.jhipster.security.AjaxAuthenticationSuccessHandler","attributes":[]},{"types":["CLASS","PUBLIC"],"constructorVPs":0,"methods":[{"name":"onLogoutSuccess","number":1}],"interfaceAttributes":[],"allMethods":1,"constructors":[],"publicConstructors":0,"methodVariants":0,"methodVPs":0,"publicMethods":1,"constructorVariants":0,"name":"io.github.jhipster.security.AjaxLogoutSuccessHandler","attributes":[]},{"types":["CLASS","PUBLIC"],"constructorVPs":0,"methods":[{"name":"setTokenServiceId","number":1},{"name":"getTokenServiceId","number":1},{"name":"getAccessTokenUri","number":1}],"interfaceAttributes":[],"allMethods":3,"constructors":[{"name":"LoadBalancedResourceDetails","number":1}],"publicConstructors":1,"methodVariants":0,"methodVPs":0,"publicMethods":3,"constructorVariants":0,"name":"io.github.jhipster.security.uaa.LoadBalancedResourceDetails","attributes":[]},{"types":["CLASS","PUBLIC"],"constructorVPs":0,"methods":[{"name":"loadBalancedResourceDetails","number":1}],"interfaceAttributes":[],"allMethods":1,"constructors":[{"name":"UaaAutoConfiguration","number":1}],"publicConstructors":1,"methodVariants":0,"methodVPs":0,"publicMethods":1,"constructorVariants":0,"name":"io.github.jhipster.security.uaa.UaaAutoConfiguration","attributes":[{"name":"io.github.jhipster.security.uaa.LoadBalancedResourceDetails","number":1},{"name":"io.github.jhipster.config.JHipsterProperties","number":1}],"nbCompositions":2},{"types":["CLASS","PUBLIC"],"constructorVPs":0,"methods":[{"name":"configuringUserCipherSuiteOrder","number":1}],"interfaceAttributes":[],"allMethods":1,"constructors":[{"name":"UndertowSSLConfiguration","number":1}],"publicConstructors":1,"methodVariants":0,"methodVPs":0,"publicMethods":0,"constructorVariants":0,"name":"io.github.jhipster.security.ssl.UndertowSSLConfiguration","attributes":[{"name":"io.github.jhipster.config.JHipsterProperties","number":1}],"nbCompositions":1},{"types":["CLASS","PUBLIC","VARIANT"],"constructorVPs":0,"methods":[],"interfaceAttributes":[],"allMethods":0,"constructors":[{"name":"LongFilter","number":1}],"publicConstructors":1,"methodVariants":0,"methodVPs":0,"publicMethods":0,"constructorVariants":0,"name":"io.github.jhipster.service.filter.LongFilter","attributes":[]},{"types":["CLASS","PUBLIC","VARIANT"],"constructorVPs":0,"methods":[{"name":"setLessOrEqualThan","number":1},{"name":"setLessThan","number":1},{"name":"setGreaterOrEqualThan","number":1},{"name":"setGreaterThan","number":1},{"name":"setEquals","number":1}],"interfaceAttributes":[],"allMethods":5,"constructors":[],"publicConstructors":0,"methodVariants":0,"methodVPs":0,"publicMethods":5,"constructorVariants":0,"name":"io.github.jhipster.service.filter.InstantFilter","attributes":[]},{"types":["CLASS","PUBLIC","VARIANT"],"constructorVPs":0,"methods":[{"name":"setIn","number":1},{"name":"setLessOrEqualThan","number":1},{"name":"setLessThan","number":1},{"name":"setGreaterOrEqualThan","number":1},{"name":"setGreaterThan","number":1},{"name":"setEquals","number":1}],"interfaceAttributes":[],"allMethods":6,"constructors":[],"publicConstructors":0,"methodVariants":0,"methodVPs":0,"publicMethods":6,"constructorVariants":0,"name":"io.github.jhipster.service.filter.ZonedDateTimeFilter","attributes":[]},{"types":["CLASS","PUBLIC","VARIANT"],"constructorVPs":0,"methods":[],"interfaceAttributes":[],"allMethods":0,"constructors":[{"name":"BooleanFilter","number":1}],"publicConstructors":1,"methodVariants":0,"methodVPs":0,"publicMethods":0,"constructorVariants":0,"name":"io.github.jhipster.service.filter.BooleanFilter","attributes":[]},{"types":["CLASS","PUBLIC","VARIANT"],"constructorVPs":0,"methods":[],"interfaceAttributes":[],"allMethods":0,"constructors":[{"name":"ShortFilter","number":1}],"publicConstructors":1,"methodVariants":0,"methodVPs":0,"publicMethods":0,"constructorVariants":0,"name":"io.github.jhipster.service.filter.ShortFilter","attributes":[]},{"types":["CLASS","PUBLIC","VARIANT"],"constructorVPs":0,"methods":[],"interfaceAttributes":[],"allMethods":0,"constructors":[],"publicConstructors":0,"methodVariants":0,"methodVPs":0,"publicMethods":0,"constructorVariants":0,"name":"io.github.jhipster.service.filter.BigDecimalFilter","attributes":[]},{"types":["CLASS","PUBLIC","VARIANT"],"constructorVPs":0,"methods":[],"interfaceAttributes":[],"allMethods":0,"constructors":[{"name":"FloatFilter","number":1}],"publicConstructors":1,"methodVariants":0,"methodVPs":0,"publicMethods":0,"constructorVariants":0,"name":"io.github.jhipster.service.filter.FloatFilter","attributes":[]},{"types":["CLASS","PUBLIC","VARIANT"],"constructorVPs":0,"methods":[],"interfaceAttributes":[],"allMethods":0,"constructors":[{"name":"DoubleFilter","number":1}],"publicConstructors":1,"methodVariants":0,"methodVPs":0,"publicMethods":0,"constructorVariants":0,"name":"io.github.jhipster.service.filter.DoubleFilter","attributes":[]},{"types":["CLASS","PUBLIC","VARIANT"],"constructorVPs":0,"methods":[],"interfaceAttributes":[],"allMethods":0,"constructors":[{"name":"IntegerFilter","number":1}],"publicConstructors":1,"methodVariants":0,"methodVPs":0,"publicMethods":0,"constructorVariants":0,"name":"io.github.jhipster.service.filter.IntegerFilter","attributes":[]},{"types":["CLASS","PUBLIC","VP","VARIANT","COMPOSITION_STRATEGY"],"constructorVPs":0,"methods":[{"name":"toString","number":1},{"name":"hashCode","number":1},{"name":"equals","number":1},{"name":"setLessOrEqualThan","number":1},{"name":"getLessOrEqualThan","number":1},{"name":"setLessThan","number":1},{"name":"getLessThan","number":1},{"name":"setGreaterOrEqualThan","number":1},{"name":"getGreaterOrEqualThan","number":1},{"name":"setGreaterThan","number":1},{"name":"getGreaterThan","number":1}],"interfaceAttributes":[],"allMethods":11,"constructors":[],"publicConstructors":0,"methodVariants":0,"methodVPs":0,"publicMethods":11,"constructorVariants":0,"name":"io.github.jhipster.service.filter.RangeFilter","attributes":[{"name":"io.github.jhipster.service.filter.LocalDateFilter","number":1},{"name":"io.github.jhipster.service.filter.IntegerFilter","number":1},{"name":"io.github.jhipster.service.filter.DoubleFilter","number":1},{"name":"io.github.jhipster.service.filter.FloatFilter","number":1},{"name":"io.github.jhipster.service.filter.BigDecimalFilter","number":1},{"name":"io.github.jhipster.service.filter.ShortFilter","number":1},{"name":"io.github.jhipster.service.filter.ZonedDateTimeFilter","number":1},{"name":"io.github.jhipster.service.filter.InstantFilter","number":1},{"name":"io.github.jhipster.service.filter.LongFilter","number":1}]},{"types":["CLASS","PUBLIC","VARIANT"],"constructorVPs":0,"methods":[{"name":"setIn","number":1},{"name":"setLessOrEqualThan","number":1},{"name":"setLessThan","number":1},{"name":"setGreaterOrEqualThan","number":1},{"name":"setGreaterThan","number":1},{"name":"setEquals","number":1}],"interfaceAttributes":[],"allMethods":6,"constructors":[],"publicConstructors":0,"methodVariants":0,"methodVPs":0,"publicMethods":6,"constructorVariants":0,"name":"io.github.jhipster.service.filter.LocalDateFilter","attributes":[]},{"types":["CLASS","PUBLIC","VARIANT"],"constructorVPs":0,"methods":[{"name":"toString","number":1},{"name":"hashCode","number":1},{"name":"equals","number":1},{"name":"setContains","number":1},{"name":"getContains","number":1}],"interfaceAttributes":[],"allMethods":5,"constructors":[],"publicConstructors":0,"methodVariants":0,"methodVPs":0,"publicMethods":5,"constructorVariants":0,"name":"io.github.jhipster.service.filter.StringFilter","attributes":[]},{"types":["CLASS","PUBLIC","VP","COMPOSITION_STRATEGY"],"constructorVPs":0,"methods":[{"name":"getFilterName","number":1},{"name":"toString","number":1},{"name":"hashCode","number":1},{"name":"equals","number":1},{"name":"setIn","number":1},{"name":"getIn","number":1},{"name":"setSpecified","number":1},{"name":"getSpecified","number":1},{"name":"setEquals","number":1},{"name":"getEquals","number":1}],"interfaceAttributes":[],"allMethods":10,"constructors":[],"publicConstructors":0,"methodVariants":0,"methodVPs":0,"publicMethods":9,"constructorVariants":0,"name":"io.github.jhipster.service.filter.Filter","attributes":[{"name":"io.github.jhipster.service.filter.StringFilter","number":1},{"name":"io.github.jhipster.service.filter.RangeFilter","number":1},{"name":"io.github.jhipster.service.filter.BooleanFilter","number":1}]},{"types":["CLASS","PUBLIC","ABSTRACT","VP","METHOD_LEVEL_VP","HOTSPOT"],"constructorVPs":0,"methods":[{"name":"lessThanOrEqualTo","number":4},{"name":"lessThan","number":4},{"name":"greaterThanOrEqualTo","number":4},{"name":"greaterThan","number":4},{"name":"valueIn","number":4},{"name":"wrapLikeQuery","number":1},{"name":"byFieldSpecified","number":3},{"name":"byFieldEmptiness","number":1},{"name":"likeUpperSpecification","number":2},{"name":"equalsSetSpecification","number":1},{"name":"equalsSpecification","number":3},{"name":"buildReferringEntitySpecification","number":6},{"name":"buildSpecification","number":4},{"name":"buildRangeSpecification","number":1},{"name":"buildStringSpecification","number":1}],"interfaceAttributes":[],"allMethods":43,"constructors":[],"publicConstructors":0,"methodVariants":38,"methodVPs":10,"publicMethods":0,"constructorVariants":0,"name":"io.github.jhipster.service.QueryService","attributes":[{"name":"io.github.jhipster.service.filter.RangeFilter","number":1},{"name":"io.github.jhipster.service.filter.StringFilter","number":1},{"name":"io.github.jhipster.service.filter.Filter","number":1}],"nbCompositions":3},{"types":["CLASS","PUBLIC"],"constructorVPs":0,"methods":[{"name":"doFilter","number":1},{"name":"destroy","number":1},{"name":"init","number":1}],"interfaceAttributes":[],"allMethods":3,"constructors":[{"name":"CachingHttpHeadersFilter","number":1}],"publicConstructors":1,"methodVariants":0,"methodVPs":0,"publicMethods":3,"constructorVariants":0,"name":"io.github.jhipster.web.filter.CachingHttpHeadersFilter","attributes":[{"name":"io.github.jhipster.config.JHipsterProperties","number":1}],"nbCompositions":1},{"types":["CLASS","PUBLIC"],"constructorVPs":0,"methods":[],"interfaceAttributes":[],"allMethods":0,"constructors":[{"name":"FixedH2Dialect","number":1}],"publicConstructors":1,"methodVariants":0,"methodVPs":0,"publicMethods":0,"constructorVariants":0,"name":"io.github.jhipster.domain.util.FixedH2Dialect","attributes":[]},{"types":["CLASS","PUBLIC"],"constructorVPs":0,"methods":[{"name":"remapSqlTypeDescriptor","number":1}],"interfaceAttributes":[],"allMethods":1,"constructors":[{"name":"FixedPostgreSQL82Dialect","number":1}],"publicConstructors":1,"methodVariants":0,"methodVPs":0,"publicMethods":1,"constructorVariants":0,"name":"io.github.jhipster.domain.util.FixedPostgreSQL82Dialect","attributes":[]},{"types":["CLASS","PUBLIC"],"constructorVPs":0,"methods":[],"interfaceAttributes":[],"allMethods":0,"constructors":[{"name":"JSR310DateConverters","number":1}],"publicConstructors":0,"methodVariants":0,"methodVPs":0,"publicMethods":0,"constructorVariants":0,"name":"io.github.jhipster.domain.util.JSR310DateConverters","attributes":[]},{"types":["CLASS","PUBLIC"],"constructorVPs":0,"methods":[{"name":"convert","number":1}],"interfaceAttributes":[],"allMethods":1,"constructors":[{"name":"LocalDateToDateConverter","number":1}],"publicConstructors":0,"methodVariants":0,"methodVPs":0,"publicMethods":1,"constructorVariants":0,"name":"io.github.jhipster.domain.util.JSR310DateConverters.LocalDateToDateConverter","attributes":[{"name":"io.github.jhipster.domain.util.JSR310DateConverters.LocalDateToDateConverter","number":1}],"nbCompositions":1},{"types":["CLASS","PUBLIC"],"constructorVPs":0,"methods":[{"name":"convert","number":1}],"interfaceAttributes":[],"allMethods":1,"constructors":[{"name":"DateToLocalDateConverter","number":1}],"publicConstructors":0,"methodVariants":0,"methodVPs":0,"publicMethods":1,"constructorVariants":0,"name":"io.github.jhipster.domain.util.JSR310DateConverters.DateToLocalDateConverter","attributes":[{"name":"io.github.jhipster.domain.util.JSR310DateConverters.DateToLocalDateConverter","number":1}],"nbCompositions":1},{"types":["CLASS","PUBLIC"],"constructorVPs":0,"methods":[{"name":"convert","number":1}],"interfaceAttributes":[],"allMethods":1,"constructors":[{"name":"ZonedDateTimeToDateConverter","number":1}],"publicConstructors":0,"methodVariants":0,"methodVPs":0,"publicMethods":1,"constructorVariants":0,"name":"io.github.jhipster.domain.util.JSR310DateConverters.ZonedDateTimeToDateConverter","attributes":[{"name":"io.github.jhipster.domain.util.JSR310DateConverters.ZonedDateTimeToDateConverter","number":1}],"nbCompositions":1},{"types":["CLASS","PUBLIC"],"constructorVPs":0,"methods":[{"name":"convert","number":1}],"interfaceAttributes":[],"allMethods":1,"constructors":[{"name":"DateToZonedDateTimeConverter","number":1}],"publicConstructors":0,"methodVariants":0,"methodVPs":0,"publicMethods":1,"constructorVariants":0,"name":"io.github.jhipster.domain.util.JSR310DateConverters.DateToZonedDateTimeConverter","attributes":[{"name":"io.github.jhipster.domain.util.JSR310DateConverters.DateToZonedDateTimeConverter","number":1}],"nbCompositions":1},{"types":["CLASS","PUBLIC"],"constructorVPs":0,"methods":[{"name":"convert","number":1}],"interfaceAttributes":[],"allMethods":1,"constructors":[{"name":"LocalDateTimeToDateConverter","number":1}],"publicConstructors":0,"methodVariants":0,"methodVPs":0,"publicMethods":1,"constructorVariants":0,"name":"io.github.jhipster.domain.util.JSR310DateConverters.LocalDateTimeToDateConverter","attributes":[{"name":"io.github.jhipster.domain.util.JSR310DateConverters.LocalDateTimeToDateConverter","number":1}],"nbCompositions":1},{"types":["CLASS","PUBLIC"],"constructorVPs":0,"methods":[{"name":"convert","number":1}],"interfaceAttributes":[],"allMethods":1,"constructors":[{"name":"DateToLocalDateTimeConverter","number":1}],"publicConstructors":0,"methodVariants":0,"methodVPs":0,"publicMethods":1,"constructorVariants":0,"name":"io.github.jhipster.domain.util.JSR310DateConverters.DateToLocalDateTimeConverter","attributes":[{"name":"io.github.jhipster.domain.util.JSR310DateConverters.DateToLocalDateTimeConverter","number":1}],"nbCompositions":1},{"types":["CLASS","PUBLIC","METHOD_LEVEL_VP"],"constructorVPs":0,"methods":[{"name":"afterPropertiesSet","number":1},{"name":"destroy","number":1},{"name":"submit","number":2},{"name":"handle","number":1},{"name":"createWrappedRunnable","number":1},{"name":"createCallable","number":1},{"name":"execute","number":2}],"interfaceAttributes":[],"allMethods":9,"constructors":[{"name":"ExceptionHandlingAsyncTaskExecutor","number":1}],"publicConstructors":1,"methodVariants":4,"methodVPs":2,"publicMethods":6,"constructorVariants":0,"name":"io.github.jhipster.async.ExceptionHandlingAsyncTaskExecutor","attributes":[]},{"constructors":[],"types":["INTERFACE","PUBLIC","VP","HOTSPOT"],"methods":[{"name":"customize","number":1}],"name":"io.github.jhipster.config.apidoc.customizer.SwaggerCustomizer","attributes":[{"name":"io.github.jhipster.config.apidoc.customizer.JHipsterSwaggerCustomizer","number":1}],"interfaceAttributes":[]},{"constructors":[],"types":["INTERFACE","PUBLIC","VP"],"methods":[],"name":"io.github.jhipster.config.JHipsterDefaults","attributes":[],"interfaceAttributes":[]},{"constructors":[],"types":["INTERFACE","PRIVATE","VP"],"methods":[],"name":"io.github.jhipster.config.JHipsterDefaults.Async","attributes":[],"interfaceAttributes":[]},{"constructors":[],"types":["INTERFACE","PRIVATE","VP"],"methods":[],"name":"io.github.jhipster.config.JHipsterDefaults.Http","attributes":[],"interfaceAttributes":[]},{"constructors":[],"types":["INTERFACE","PRIVATE","VP"],"methods":[],"name":"io.github.jhipster.config.JHipsterDefaults.Http.Cache","attributes":[],"interfaceAttributes":[]},{"constructors":[],"types":["INTERFACE","PRIVATE","VP"],"methods":[],"name":"io.github.jhipster.config.JHipsterDefaults.Cache","attributes":[],"interfaceAttributes":[]},{"constructors":[],"types":["INTERFACE","PRIVATE","VP"],"methods":[],"name":"io.github.jhipster.config.JHipsterDefaults.Cache.Hazelcast","attributes":[],"interfaceAttributes":[]},{"constructors":[],"types":["INTERFACE","PRIVATE","VP"],"methods":[],"name":"io.github.jhipster.config.JHipsterDefaults.Cache.Hazelcast.ManagementCenter","attributes":[],"interfaceAttributes":[]},{"constructors":[],"types":["INTERFACE","PRIVATE","VP"],"methods":[],"name":"io.github.jhipster.config.JHipsterDefaults.Cache.Ehcache","attributes":[],"interfaceAttributes":[]},{"constructors":[],"types":["INTERFACE","PRIVATE","VP"],"methods":[],"name":"io.github.jhipster.config.JHipsterDefaults.Cache.Infinispan","attributes":[],"interfaceAttributes":[]},{"constructors":[],"types":["INTERFACE","PRIVATE","VP"],"methods":[],"name":"io.github.jhipster.config.JHipsterDefaults.Cache.Infinispan.Local","attributes":[],"interfaceAttributes":[]},{"constructors":[],"types":["INTERFACE","PRIVATE","VP"],"methods":[],"name":"io.github.jhipster.config.JHipsterDefaults.Cache.Infinispan.Distributed","attributes":[],"interfaceAttributes":[]},{"constructors":[],"types":["INTERFACE","PRIVATE","VP"],"methods":[],"name":"io.github.jhipster.config.JHipsterDefaults.Cache.Infinispan.Replicated","attributes":[],"interfaceAttributes":[]},{"constructors":[],"types":["INTERFACE","PRIVATE","VP"],"methods":[],"name":"io.github.jhipster.config.JHipsterDefaults.Cache.Memcached","attributes":[],"interfaceAttributes":[]},{"constructors":[],"types":["INTERFACE","PRIVATE","VP"],"methods":[],"name":"io.github.jhipster.config.JHipsterDefaults.Mail","attributes":[],"interfaceAttributes":[]},{"constructors":[],"types":["INTERFACE","PRIVATE","VP"],"methods":[],"name":"io.github.jhipster.config.JHipsterDefaults.Security","attributes":[],"interfaceAttributes":[]},{"constructors":[],"types":["INTERFACE","PRIVATE","VP"],"methods":[],"name":"io.github.jhipster.config.JHipsterDefaults.Security.ClientAuthorization","attributes":[],"interfaceAttributes":[]},{"constructors":[],"types":["INTERFACE","PRIVATE","VP"],"methods":[],"name":"io.github.jhipster.config.JHipsterDefaults.Security.Authentication","attributes":[],"interfaceAttributes":[]},{"constructors":[],"types":["INTERFACE","PRIVATE","VP"],"methods":[],"name":"io.github.jhipster.config.JHipsterDefaults.Security.Authentication.Jwt","attributes":[],"interfaceAttributes":[]},{"constructors":[],"types":["INTERFACE","PRIVATE","VP"],"methods":[],"name":"io.github.jhipster.config.JHipsterDefaults.Security.RememberMe","attributes":[],"interfaceAttributes":[]},{"constructors":[],"types":["INTERFACE","PRIVATE","VP"],"methods":[],"name":"io.github.jhipster.config.JHipsterDefaults.Swagger","attributes":[],"interfaceAttributes":[]},{"constructors":[],"types":["INTERFACE","PRIVATE","VP"],"methods":[],"name":"io.github.jhipster.config.JHipsterDefaults.Metrics","attributes":[],"interfaceAttributes":[]},{"constructors":[],"types":["INTERFACE","PRIVATE","VP"],"methods":[],"name":"io.github.jhipster.config.JHipsterDefaults.Metrics.Jmx","attributes":[],"interfaceAttributes":[]},{"constructors":[],"types":["INTERFACE","PRIVATE","VP"],"methods":[],"name":"io.github.jhipster.config.JHipsterDefaults.Metrics.Logs","attributes":[],"interfaceAttributes":[]},{"constructors":[],"types":["INTERFACE","PRIVATE","VP"],"methods":[],"name":"io.github.jhipster.config.JHipsterDefaults.Metrics.Prometheus","attributes":[],"interfaceAttributes":[]},{"constructors":[],"types":["INTERFACE","PRIVATE","VP"],"methods":[],"name":"io.github.jhipster.config.JHipsterDefaults.Logging","attributes":[],"interfaceAttributes":[]},{"constructors":[],"types":["INTERFACE","PRIVATE","VP"],"methods":[],"name":"io.github.jhipster.config.JHipsterDefaults.Logging.Logstash","attributes":[],"interfaceAttributes":[]},{"constructors":[],"types":["INTERFACE","PRIVATE","VP"],"methods":[],"name":"io.github.jhipster.config.JHipsterDefaults.Social","attributes":[],"interfaceAttributes":[]},{"constructors":[],"types":["INTERFACE","PRIVATE","VP"],"methods":[],"name":"io.github.jhipster.config.JHipsterDefaults.Gateway","attributes":[],"interfaceAttributes":[]},{"constructors":[],"types":["INTERFACE","PRIVATE","VP"],"methods":[],"name":"io.github.jhipster.config.JHipsterDefaults.Gateway.RateLimiting","attributes":[],"interfaceAttributes":[]},{"constructors":[],"types":["INTERFACE","PRIVATE","VP"],"methods":[],"name":"io.github.jhipster.config.JHipsterDefaults.Ribbon","attributes":[],"interfaceAttributes":[]},{"constructors":[],"types":["INTERFACE","PRIVATE","VP"],"methods":[],"name":"io.github.jhipster.config.JHipsterDefaults.Registry","attributes":[],"interfaceAttributes":[]},{"constructors":[],"types":["INTERFACE","PUBLIC","VP"],"methods":[],"name":"io.github.jhipster.config.JHipsterConstants","attributes":[],"interfaceAttributes":[]},{"constructors":[],"types":["INTERFACE","PUBLIC","VP"],"methods":[{"name":"wrapOrNotFound","number":2}],"name":"io.github.jhipster.web.util.ResponseUtil","attributes":[],"interfaceAttributes":[]}],"linkscompose":[{"type":"INSTANTIATE","source":"io.github.jhipster.config.JHipsterProperties","target":"io.github.jhipster.config.JHipsterProperties.Registry"},{"type":"INSTANTIATE","source":"io.github.jhipster.config.JHipsterProperties","target":"io.github.jhipster.config.JHipsterProperties.Gateway"},{"type":"INSTANTIATE","source":"io.github.jhipster.config.JHipsterProperties","target":"io.github.jhipster.config.JHipsterProperties.Social"},{"type":"INSTANTIATE","source":"io.github.jhipster.config.JHipsterProperties","target":"io.github.jhipster.config.JHipsterProperties.Logging"},{"type":"INSTANTIATE","source":"io.github.jhipster.config.JHipsterProperties","target":"io.github.jhipster.config.JHipsterProperties.Metrics"},{"type":"INSTANTIATE","source":"io.github.jhipster.config.JHipsterProperties","target":"io.github.jhipster.config.JHipsterProperties.Swagger"},{"type":"INSTANTIATE","source":"io.github.jhipster.config.JHipsterProperties","target":"io.github.jhipster.config.JHipsterProperties.Security"},{"type":"INSTANTIATE","source":"io.github.jhipster.config.JHipsterProperties","target":"io.github.jhipster.config.JHipsterProperties.Mail"},{"type":"INSTANTIATE","source":"io.github.jhipster.config.JHipsterProperties","target":"io.github.jhipster.config.JHipsterProperties.Cache"},{"type":"INSTANTIATE","source":"io.github.jhipster.config.JHipsterProperties","target":"io.github.jhipster.config.JHipsterProperties.Http"},{"type":"INSTANTIATE","source":"io.github.jhipster.config.JHipsterProperties","target":"io.github.jhipster.config.JHipsterProperties.Async"},{"type":"INSTANTIATE","source":"io.github.jhipster.config.JHipsterProperties.Http","target":"io.github.jhipster.config.JHipsterProperties.Http.Cache"},{"type":"INSTANTIATE","source":"io.github.jhipster.config.JHipsterProperties.Cache","target":"io.github.jhipster.config.JHipsterProperties.Cache.Memcached"},{"type":"INSTANTIATE","source":"io.github.jhipster.config.JHipsterProperties.Cache","target":"io.github.jhipster.config.JHipsterProperties.Cache.Infinispan"},{"type":"INSTANTIATE","source":"io.github.jhipster.config.JHipsterProperties.Cache","target":"io.github.jhipster.config.JHipsterProperties.Cache.Ehcache"},{"type":"INSTANTIATE","source":"io.github.jhipster.config.JHipsterProperties.Cache","target":"io.github.jhipster.config.JHipsterProperties.Cache.Hazelcast"},{"type":"INSTANTIATE","source":"io.github.jhipster.config.JHipsterProperties.Cache.Hazelcast","target":"io.github.jhipster.config.JHipsterProperties.Cache.Hazelcast.ManagementCenter"},{"type":"INSTANTIATE","source":"io.github.jhipster.config.JHipsterProperties.Cache.Infinispan","target":"io.github.jhipster.config.JHipsterProperties.Cache.Infinispan.Replicated"},{"type":"INSTANTIATE","source":"io.github.jhipster.config.JHipsterProperties.Cache.Infinispan","target":"io.github.jhipster.config.JHipsterProperties.Cache.Infinispan.Distributed"},{"type":"INSTANTIATE","source":"io.github.jhipster.config.JHipsterProperties.Cache.Infinispan","target":"io.github.jhipster.config.JHipsterProperties.Cache.Infinispan.Local"},{"type":"INSTANTIATE","source":"io.github.jhipster.config.JHipsterProperties.Security","target":"io.github.jhipster.config.JHipsterProperties.Security.RememberMe"},{"type":"INSTANTIATE","source":"io.github.jhipster.config.JHipsterProperties.Security","target":"io.github.jhipster.config.JHipsterProperties.Security.Authentication"},{"type":"INSTANTIATE","source":"io.github.jhipster.config.JHipsterProperties.Security","target":"io.github.jhipster.config.JHipsterProperties.Security.ClientAuthorization"},{"type":"INSTANTIATE","source":"io.github.jhipster.config.JHipsterProperties.Security.Authentication","target":"io.github.jhipster.config.JHipsterProperties.Security.Authentication.Jwt"},{"type":"INSTANTIATE","source":"io.github.jhipster.config.JHipsterProperties.Metrics","target":"io.github.jhipster.config.JHipsterProperties.Metrics.Prometheus"},{"type":"INSTANTIATE","source":"io.github.jhipster.config.JHipsterProperties.Metrics","target":"io.github.jhipster.config.JHipsterProperties.Metrics.Logs"},{"type":"INSTANTIATE","source":"io.github.jhipster.config.JHipsterProperties.Metrics","target":"io.github.jhipster.config.JHipsterProperties.Metrics.Jmx"},{"type":"INSTANTIATE","source":"io.github.jhipster.config.JHipsterProperties.Logging","target":"io.github.jhipster.config.JHipsterProperties.Logging.Logstash"},{"type":"INSTANTIATE","source":"io.github.jhipster.config.JHipsterProperties.Gateway","target":"io.github.jhipster.config.JHipsterProperties.Gateway.RateLimiting"},{"type":"INSTANTIATE","source":"io.github.jhipster.config.apidoc.SwaggerPluginsAutoConfiguration.SpringPagePluginConfiguration","target":"io.github.jhipster.config.apidoc.PageableParameterBuilderPlugin"},{"type":"INSTANTIATE","source":"io.github.jhipster.config.apidoc.SwaggerAutoConfiguration","target":"io.github.jhipster.config.JHipsterProperties"},{"type":"INSTANTIATE","source":"io.github.jhipster.config.info.MailEnabledInfoContributor","target":"io.github.jhipster.config.JHipsterProperties"},{"type":"INSTANTIATE","source":"io.github.jhipster.config.info.JHipsterInfoContributorConfiguration","target":"io.github.jhipster.config.info.MailEnabledInfoContributor"},{"type":"INSTANTIATE","source":"io.github.jhipster.config.info.JHipsterInfoContributorConfiguration","target":"io.github.jhipster.config.info.ActiveProfilesInfoContributor"},{"type":"INSTANTIATE","source":"io.github.jhipster.security.uaa.UaaAutoConfiguration","target":"io.github.jhipster.security.uaa.LoadBalancedResourceDetails"},{"type":"INSTANTIATE","source":"io.github.jhipster.security.uaa.UaaAutoConfiguration","target":"io.github.jhipster.config.JHipsterProperties"},{"type":"INSTANTIATE","source":"io.github.jhipster.security.ssl.UndertowSSLConfiguration","target":"io.github.jhipster.config.JHipsterProperties"},{"type":"INSTANTIATE","source":"io.github.jhipster.service.QueryService","target":"io.github.jhipster.service.filter.RangeFilter"},{"type":"INSTANTIATE","source":"io.github.jhipster.service.QueryService","target":"io.github.jhipster.service.filter.StringFilter"},{"type":"INSTANTIATE","source":"io.github.jhipster.service.QueryService","target":"io.github.jhipster.service.filter.Filter"},{"type":"INSTANTIATE","source":"io.github.jhipster.web.filter.CachingHttpHeadersFilter","target":"io.github.jhipster.config.JHipsterProperties"},{"type":"INSTANTIATE","source":"io.github.jhipster.domain.util.JSR310DateConverters.LocalDateToDateConverter","target":"io.github.jhipster.domain.util.JSR310DateConverters.LocalDateToDateConverter"},{"type":"INSTANTIATE","source":"io.github.jhipster.domain.util.JSR310DateConverters.DateToLocalDateConverter","target":"io.github.jhipster.domain.util.JSR310DateConverters.DateToLocalDateConverter"},{"type":"INSTANTIATE","source":"io.github.jhipster.domain.util.JSR310DateConverters.ZonedDateTimeToDateConverter","target":"io.github.jhipster.domain.util.JSR310DateConverters.ZonedDateTimeToDateConverter"},{"type":"INSTANTIATE","source":"io.github.jhipster.domain.util.JSR310DateConverters.DateToZonedDateTimeConverter","target":"io.github.jhipster.domain.util.JSR310DateConverters.DateToZonedDateTimeConverter"},{"type":"INSTANTIATE","source":"io.github.jhipster.domain.util.JSR310DateConverters.LocalDateTimeToDateConverter","target":"io.github.jhipster.domain.util.JSR310DateConverters.LocalDateTimeToDateConverter"},{"type":"INSTANTIATE","source":"io.github.jhipster.domain.util.JSR310DateConverters.DateToLocalDateTimeConverter","target":"io.github.jhipster.domain.util.JSR310DateConverters.DateToLocalDateTimeConverter"}],"alllinks":[{"type":"INSTANTIATE","source":"io.github.jhipster.web.filter.CachingHttpHeadersFilter","target":"io.github.jhipster.config.JHipsterProperties"},{"type":"INSTANTIATE","source":"io.github.jhipster.security.ssl.UndertowSSLConfiguration","target":"io.github.jhipster.config.JHipsterProperties"},{"type":"INSTANTIATE","source":"io.github.jhipster.security.uaa.UaaAutoConfiguration","target":"io.github.jhipster.config.JHipsterProperties"},{"type":"INSTANTIATE","source":"io.github.jhipster.config.info.MailEnabledInfoContributor","target":"io.github.jhipster.config.JHipsterProperties"},{"type":"INSTANTIATE","source":"io.github.jhipster.config.apidoc.SwaggerAutoConfiguration","target":"io.github.jhipster.config.JHipsterProperties"},{"type":"INSTANTIATE","source":"io.github.jhipster.config.JHipsterProperties","target":"io.github.jhipster.config.JHipsterProperties.Async"},{"type":"INSTANTIATE","source":"io.github.jhipster.config.JHipsterProperties","target":"io.github.jhipster.config.JHipsterProperties.Http"},{"type":"INSTANTIATE","source":"io.github.jhipster.config.JHipsterProperties.Http","target":"io.github.jhipster.config.JHipsterProperties.Http.Cache"},{"type":"INSTANTIATE","source":"io.github.jhipster.config.JHipsterProperties","target":"io.github.jhipster.config.JHipsterProperties.Cache"},{"type":"INSTANTIATE","source":"io.github.jhipster.config.JHipsterProperties.Cache","target":"io.github.jhipster.config.JHipsterProperties.Cache.Hazelcast"},{"type":"INSTANTIATE","source":"io.github.jhipster.config.JHipsterProperties.Cache.Hazelcast","target":"io.github.jhipster.config.JHipsterProperties.Cache.Hazelcast.ManagementCenter"},{"type":"INSTANTIATE","source":"io.github.jhipster.config.JHipsterProperties.Cache","target":"io.github.jhipster.config.JHipsterProperties.Cache.Ehcache"},{"type":"INSTANTIATE","source":"io.github.jhipster.config.JHipsterProperties.Cache","target":"io.github.jhipster.config.JHipsterProperties.Cache.Infinispan"},{"type":"INSTANTIATE","source":"io.github.jhipster.config.JHipsterProperties.Cache.Infinispan","target":"io.github.jhipster.config.JHipsterProperties.Cache.Infinispan.Local"},{"type":"INSTANTIATE","source":"io.github.jhipster.config.JHipsterProperties.Cache.Infinispan","target":"io.github.jhipster.config.JHipsterProperties.Cache.Infinispan.Distributed"},{"type":"INSTANTIATE","source":"io.github.jhipster.config.JHipsterProperties.Cache.Infinispan","target":"io.github.jhipster.config.JHipsterProperties.Cache.Infinispan.Replicated"},{"type":"INSTANTIATE","source":"io.github.jhipster.config.JHipsterProperties.Cache","target":"io.github.jhipster.config.JHipsterProperties.Cache.Memcached"},{"type":"INSTANTIATE","source":"io.github.jhipster.config.JHipsterProperties","target":"io.github.jhipster.config.JHipsterProperties.Mail"},{"type":"INSTANTIATE","source":"io.github.jhipster.config.JHipsterProperties","target":"io.github.jhipster.config.JHipsterProperties.Security"},{"type":"INSTANTIATE","source":"io.github.jhipster.config.JHipsterProperties.Security","target":"io.github.jhipster.config.JHipsterProperties.Security.ClientAuthorization"},{"type":"INSTANTIATE","source":"io.github.jhipster.config.JHipsterProperties.Security","target":"io.github.jhipster.config.JHipsterProperties.Security.Authentication"},{"type":"INSTANTIATE","source":"io.github.jhipster.config.JHipsterProperties.Security.Authentication","target":"io.github.jhipster.config.JHipsterProperties.Security.Authentication.Jwt"},{"type":"INSTANTIATE","source":"io.github.jhipster.config.JHipsterProperties.Security","target":"io.github.jhipster.config.JHipsterProperties.Security.RememberMe"},{"type":"INSTANTIATE","source":"io.github.jhipster.config.JHipsterProperties","target":"io.github.jhipster.config.JHipsterProperties.Swagger"},{"type":"INSTANTIATE","source":"io.github.jhipster.config.JHipsterProperties","target":"io.github.jhipster.config.JHipsterProperties.Metrics"},{"type":"INSTANTIATE","source":"io.github.jhipster.config.JHipsterProperties.Metrics","target":"io.github.jhipster.config.JHipsterProperties.Metrics.Jmx"},{"type":"INSTANTIATE","source":"io.github.jhipster.config.JHipsterProperties.Metrics","target":"io.github.jhipster.config.JHipsterProperties.Metrics.Logs"},{"type":"INSTANTIATE","source":"io.github.jhipster.config.JHipsterProperties.Metrics","target":"io.github.jhipster.config.JHipsterProperties.Metrics.Prometheus"},{"type":"INSTANTIATE","source":"io.github.jhipster.config.JHipsterProperties","target":"io.github.jhipster.config.JHipsterProperties.Logging"},{"type":"INSTANTIATE","source":"io.github.jhipster.config.JHipsterProperties.Logging","target":"io.github.jhipster.config.JHipsterProperties.Logging.Logstash"},{"type":"INSTANTIATE","source":"io.github.jhipster.config.JHipsterProperties","target":"io.github.jhipster.config.JHipsterProperties.Social"},{"type":"INSTANTIATE","source":"io.github.jhipster.config.JHipsterProperties","target":"io.github.jhipster.config.JHipsterProperties.Gateway"},{"type":"INSTANTIATE","source":"io.github.jhipster.config.JHipsterProperties.Gateway","target":"io.github.jhipster.config.JHipsterProperties.Gateway.RateLimiting"},{"type":"INSTANTIATE","source":"io.github.jhipster.config.JHipsterProperties","target":"io.github.jhipster.config.JHipsterProperties.Registry"},{"type":"INSTANTIATE","source":"io.github.jhipster.config.apidoc.SwaggerPluginsAutoConfiguration.SpringPagePluginConfiguration","target":"io.github.jhipster.config.apidoc.PageableParameterBuilderPlugin"},{"type":"IMPLEMENTS","source":"io.github.jhipster.config.apidoc.customizer.SwaggerCustomizer","target":"io.github.jhipster.config.apidoc.customizer.JHipsterSwaggerCustomizer"},{"type":"INSTANTIATE","source":"io.github.jhipster.config.info.JHipsterInfoContributorConfiguration","target":"io.github.jhipster.config.info.MailEnabledInfoContributor"},{"type":"INSTANTIATE","source":"io.github.jhipster.config.info.JHipsterInfoContributorConfiguration","target":"io.github.jhipster.config.info.ActiveProfilesInfoContributor"},{"type":"EXTENDS","source":"io.github.jhipster.config.jcache.NoDefaultJCacheRegionFactory","target":"io.github.jhipster.config.jcache.BeanClassLoaderAwareJCacheRegionFactory"},{"type":"INSTANTIATE","source":"io.github.jhipster.security.uaa.UaaAutoConfiguration","target":"io.github.jhipster.security.uaa.LoadBalancedResourceDetails"},{"type":"EXTENDS","source":"io.github.jhipster.service.filter.RangeFilter","target":"io.github.jhipster.service.filter.LongFilter"},{"type":"EXTENDS","source":"io.github.jhipster.service.filter.RangeFilter","target":"io.github.jhipster.service.filter.InstantFilter"},{"type":"EXTENDS","source":"io.github.jhipster.service.filter.RangeFilter","target":"io.github.jhipster.service.filter.ZonedDateTimeFilter"},{"type":"EXTENDS","source":"io.github.jhipster.service.filter.Filter","target":"io.github.jhipster.service.filter.BooleanFilter"},{"type":"EXTENDS","source":"io.github.jhipster.service.filter.RangeFilter","target":"io.github.jhipster.service.filter.ShortFilter"},{"type":"EXTENDS","source":"io.github.jhipster.service.filter.RangeFilter","target":"io.github.jhipster.service.filter.BigDecimalFilter"},{"type":"EXTENDS","source":"io.github.jhipster.service.filter.RangeFilter","target":"io.github.jhipster.service.filter.FloatFilter"},{"type":"EXTENDS","source":"io.github.jhipster.service.filter.RangeFilter","target":"io.github.jhipster.service.filter.DoubleFilter"},{"type":"EXTENDS","source":"io.github.jhipster.service.filter.RangeFilter","target":"io.github.jhipster.service.filter.IntegerFilter"},{"type":"INSTANTIATE","source":"io.github.jhipster.service.QueryService","target":"io.github.jhipster.service.filter.RangeFilter"},{"type":"EXTENDS","source":"io.github.jhipster.service.filter.Filter","target":"io.github.jhipster.service.filter.RangeFilter"},{"type":"EXTENDS","source":"io.github.jhipster.service.filter.RangeFilter","target":"io.github.jhipster.service.filter.LocalDateFilter"},{"type":"INSTANTIATE","source":"io.github.jhipster.service.QueryService","target":"io.github.jhipster.service.filter.StringFilter"},{"type":"EXTENDS","source":"io.github.jhipster.service.filter.Filter","target":"io.github.jhipster.service.filter.StringFilter"},{"type":"INSTANTIATE","source":"io.github.jhipster.service.QueryService","target":"io.github.jhipster.service.filter.Filter"},{"type":"INSTANTIATE","source":"io.github.jhipster.domain.util.JSR310DateConverters.LocalDateToDateConverter","target":"io.github.jhipster.domain.util.JSR310DateConverters.LocalDateToDateConverter"},{"type":"INSTANTIATE","source":"io.github.jhipster.domain.util.JSR310DateConverters.DateToLocalDateConverter","target":"io.github.jhipster.domain.util.JSR310DateConverters.DateToLocalDateConverter"},{"type":"INSTANTIATE","source":"io.github.jhipster.domain.util.JSR310DateConverters.ZonedDateTimeToDateConverter","target":"io.github.jhipster.domain.util.JSR310DateConverters.ZonedDateTimeToDateConverter"},{"type":"INSTANTIATE","source":"io.github.jhipster.domain.util.JSR310DateConverters.DateToZonedDateTimeConverter","target":"io.github.jhipster.domain.util.JSR310DateConverters.DateToZonedDateTimeConverter"},{"type":"INSTANTIATE","source":"io.github.jhipster.domain.util.JSR310DateConverters.LocalDateTimeToDateConverter","target":"io.github.jhipster.domain.util.JSR310DateConverters.LocalDateTimeToDateConverter"},{"type":"INSTANTIATE","source":"io.github.jhipster.domain.util.JSR310DateConverters.DateToLocalDateTimeConverter","target":"io.github.jhipster.domain.util.JSR310DateConverters.DateToLocalDateTimeConverter"}]}